cell_number,treatment,run,surviving_cells,max_virophage_amplitude,max_virus_amplitude,t_extinction
8,2,55,992,2048,1339,23384
8,2,99,914,24337,2309,20959
8,2,52,889,18659,3935,17648
8,2,64,963,4553,2033,18773
8,2,90,986,5919,1744,13695
8,2,97,956,13649,1991,14570
8,2,63,923,14053,3023,15381
8,2,37,1000,4396,950,20616
8,2,30,1008,2048,1060,16217
8,2,39,1000,2048,1247,17354
8,2,62,1016,2048,866,13556
8,2,96,962,11186,1719,20461
8,2,91,960,12856,1954,17023
8,2,65,926,22720,2248,18304
8,2,98,950,9231,2073,24555
8,2,53,1000,8117,1332,13567
8,2,54,907,21180,3153,18091
8,2,38,1008,2048,1051,16746
8,2,31,962,12988,1399,17045
8,2,36,920,15429,3005,18295
8,2,14,886,22040,3931,17664
8,2,13,912,6847,2287,25952
8,2,25,998,3018,1823,13961
8,2,22,1008,2048,923,17114
8,2,76,982,10136,1185,16375
8,2,82,936,7435,2799,19422
8,2,49,976,9524,1429,22681
8,2,85,976,9566,1996,14742
8,2,71,966,7347,1375,19969
8,2,47,1008,5853,959,16054
8,2,78,944,9811,2415,24922
8,2,40,904,17520,3109,21627
8,2,23,968,12381,1609,16541
8,2,24,892,12753,3119,21327
8,2,12,1006,11375,643,13156
8,2,15,989,2868,1613,16503
8,2,41,992,10301,1167,13524
8,2,46,940,18247,1707,21692
8,2,79,957,11832,2078,17644
8,2,70,878,15502,3289,22288
8,2,84,986,10108,1135,15179
8,2,83,953,19473,1827,16026
8,2,77,1016,3667,556,17134
8,2,48,969,7646,1772,18159
8,2,2,858,22906,3654,24062
8,2,5,892,34881,2312,18912
8,2,4,919,12193,2519,23597
8,2,3,916,13088,2692,23165
8,2,100,976,2048,2391,16296
8,2,33,912,11740,3616,16726
8,2,34,944,16028,2466,18576
8,2,51,891,36905,3202,16768
8,2,69,968,2048,2328,16992
8,2,56,880,12069,4416,19959
8,2,94,908,23215,3387,18037
8,2,60,1000,4380,1033,16881
8,2,58,885,20338,3145,20152
8,2,67,960,12575,2233,17146
8,2,93,930,10945,2768,21005
8,2,35,984,4491,2187,13089
8,2,32,969,13385,1883,14839
8,2,59,963,11547,1869,17440
8,2,92,1008,2048,1173,14378
8,2,66,952,12185,1429,23364
8,2,61,921,18533,2683,17696
8,2,95,962,16640,1563,16262
8,2,68,945,10098,2104,19330
8,2,57,992,2047,1598,15176
8,2,50,952,5510,3007,18451
8,2,86,1000,8506,953,17941
8,2,72,1000,4411,1001,17167
8,2,75,965,14896,1318,17183
8,2,81,944,15357,2036,16355
8,2,43,912,32448,2470,15473
8,2,88,920,13430,3488,20061
8,2,44,800,15753,5353,24795
8,2,10,944,12492,2342,16580
8,2,28,992,7862,1439,12767
8,2,17,952,16258,2081,17908
8,2,21,984,9841,1769,13216
8,2,19,968,4883,1941,17217
8,2,26,920,2048,2697,24699
8,2,45,1000,2047,1707,12462
8,2,42,918,4744,3563,18484
8,2,89,960,4484,1716,23714
8,2,80,992,13851,1367,12169
8,2,74,1008,2129,1052,14282
8,2,73,954,7006,2629,15617
8,2,87,1000,7315,1113,14692
8,2,18,988,10093,1621,13226
8,2,27,949,10152,1721,21145
8,2,20,923,18489,1748,19123
8,2,29,976,4414,2815,14873
8,2,16,942,13251,2200,17422
8,2,11,947,18110,1795,21229
8,2,6,1000,2048,1300,16109
8,2,1,992,10051,1201,15105
8,2,8,984,11091,1231,14674
8,2,9,965,5566,1831,21272
8,2,7,1008,6656,793,14396
1,1,55,382,74670,6998,84100
1,1,99,533,72944,6832,94931
1,1,52,452,82853,7983,72953
1,1,64,359,91005,8640,65149
1,1,90,409,70206,7492,76288
1,1,97,451,103122,10236,66488
1,1,63,425,108818,10303,73174
1,1,37,362,105411,10569,80245
1,1,30,343,96424,9334,85605
1,1,39,404,79405,7966,71363
1,1,62,364,107305,10151,69176
1,1,96,354,110013,10537,72336
1,1,91,379,107503,9980,73313
1,1,65,364,79425,7487,83100
1,1,98,402,80558,7636,86820
1,1,53,426,82990,7890,72947
1,1,54,410,99482,9325,70888
1,1,38,528,66482,6272,85125
1,1,31,413,72484,7294,75587
1,1,36,503,76202,7481,73297
1,1,14,496,82382,7736,70340
1,1,13,456,101451,9602,74439
1,1,25,405,82941,8406,100001
1,1,22,532,59530,5561,66329
1,1,76,438,90096,8950,90209
1,1,82,401,117523,11024,69096
1,1,49,395,99217,10086,73004
1,1,85,365,103671,10492,73521
1,1,71,423,108179,10418,60908
1,1,47,419,83348,7827,80186
1,1,78,395,85200,7915,94159
1,1,40,381,95809,9330,87803
1,1,23,464,79807,7632,83567
1,1,24,347,105969,11010,75202
1,1,12,432,90441,8825,57428
1,1,15,399,66288,9871,100001
1,1,41,356,116017,10970,62931
1,1,46,437,96546,9331,83250
1,1,79,455,87134,8132,100001
1,1,70,516,62351,6628,73881
1,1,84,385,70542,7470,79141
1,1,83,380,85221,8665,80158
1,1,77,332,81636,7814,85651
1,1,48,322,74838,7022,100001
1,1,2,356,123868,11974,62143
1,1,5,379,92859,9136,59158
1,1,4,532,71763,6621,71680
1,1,3,446,78566,7696,79524
1,1,100,732,41627,5106,69000
1,1,33,396,94194,8899,90990
1,1,34,344,100390,9683,100001
1,1,51,301,137449,12880,60557
1,1,69,319,102214,10128,81983
1,1,56,366,94622,8768,93237
1,1,94,415,55385,5233,100001
1,1,60,388,58838,6677,100001
1,1,58,685,70452,6755,45364
1,1,67,424,76966,7728,85798
1,1,93,515,68384,6473,87339
1,1,35,359,115315,10879,80660
1,1,32,761,54699,5171,60323
1,1,59,413,100328,9951,78557
1,1,92,438,75715,7675,69999
1,1,66,325,109554,10556,82921
1,1,61,345,107798,9907,65829
1,1,95,727,51210,5240,43461
1,1,68,499,95071,8881,68546
1,1,57,363,97850,9189,96996
1,1,50,504,89406,8389,67670
1,1,86,322,97705,9213,78169
1,1,72,432,106983,10535,60211
1,1,75,309,119989,11666,77889
1,1,81,331,115024,10831,61344
1,1,43,368,99460,9358,80688
1,1,88,471,67339,6636,89893
1,1,44,447,96671,9026,65064
1,1,10,310,132933,12450,68974
1,1,28,348,93616,8822,81669
1,1,17,480,85333,7989,76880
1,1,21,370,108466,10219,83465
1,1,19,424,126913,12125,52759
1,1,26,550,69689,6645,53840
1,1,45,516,86826,8776,91104
1,1,42,321,92957,8914,75654
1,1,89,439,90067,8546,99973
1,1,80,358,92970,8686,80621
1,1,74,461,63678,6309,97177
1,1,73,471,108296,10577,67370
1,1,87,371,120626,12147,51203
1,1,18,407,88852,9226,77531
1,1,27,309,89970,8509,90353
1,1,20,355,102524,10542,95225
1,1,29,379,118645,11253,76584
1,1,16,353,97742,9143,64801
1,1,11,356,77232,7192,100001
1,1,6,412,101711,9857,55505
1,1,1,415,91676,9426,86226
1,1,8,437,98841,9382,76608
1,1,9,327,82226,8312,99191
1,1,7,383,112368,10478,82107
8,1,55,960,7705,2476,19985
8,1,99,944,9396,2289,18679
8,1,52,896,14803,4578,26879
8,1,64,920,5261,2771,27420
8,1,90,952,10365,2413,18039
8,1,97,888,16697,2770,37740
8,1,63,880,40465,2734,36740
8,1,37,992,2773,1557,19682
8,1,30,1008,2048,1253,12687
8,1,39,768,53964,4815,39182
8,1,62,856,26459,3186,27506
8,1,96,952,29241,2113,26682
8,1,91,992,5407,1576,15167
8,1,65,904,24154,3491,26834
8,1,98,904,27695,3221,24067
8,1,53,952,9803,2116,21401
8,1,54,1008,2048,1202,11761
8,1,38,976,12674,1698,23852
8,1,31,952,11840,2098,21711
8,1,36,872,18930,2707,32435
8,1,14,880,44060,3878,24166
8,1,13,632,73942,5490,42831
8,1,25,920,13786,3325,19672
8,1,22,728,68859,6242,35493
8,1,76,912,23779,3190,23717
8,1,82,896,14320,3086,21611
8,1,49,952,14985,2099,22722
8,1,85,704,44936,3239,46977
8,1,71,976,6359,2068,20580
8,1,47,960,22842,1723,23526
8,1,78,856,43780,4042,22134
8,1,40,936,30017,3453,18164
8,1,23,1008,2048,1126,13855
8,1,24,904,20995,3844,21711
8,1,12,944,15540,3475,15369
8,1,15,928,16206,3058,24587
8,1,41,952,19205,1556,26851
8,1,46,1000,4793,1459,14689
8,1,79,880,31399,2873,26587
8,1,70,904,42216,4103,18382
8,1,84,968,17466,2329,19122
8,1,83,1016,6805,590,15022
8,1,77,944,24255,2010,22205
8,1,48,952,13254,2169,22522
8,1,2,1008,2048,1374,11575
8,1,5,928,18458,1590,35288
8,1,4,896,21892,2846,33720
8,1,3,968,12086,1138,31303
8,1,100,768,36701,4360,40082
8,1,33,936,5187,3745,18445
8,1,34,936,9714,2701,31073
8,1,51,904,21625,3480,26669
8,1,69,968,14190,1753,20551
8,1,56,976,5770,1977,18349
8,1,94,976,6651,1840,22231
8,1,60,992,4515,1668,15622
8,1,58,1000,2187,1344,15527
8,1,67,696,53172,4641,39101
8,1,93,904,9484,2604,27389
8,1,35,976,4177,1427,24858
8,1,32,904,37119,3096,21876
8,1,59,912,39704,3923,22033
8,1,92,888,33237,3372,20756
8,1,66,904,52578,4056,22737
8,1,61,800,38982,4257,31319
8,1,95,872,41479,3885,30749
8,1,68,888,17385,4302,24633
8,1,57,928,14493,2422,31273
8,1,50,928,17868,2059,28435
8,1,86,904,22129,2856,26531
8,1,72,928,10717,2414,26893
8,1,75,928,9907,2193,22743
8,1,81,848,24076,3831,31021
8,1,43,992,5987,1158,23799
8,1,88,968,8835,1755,22434
8,1,44,960,10796,2274,22539
8,1,10,984,8040,1954,15912
8,1,28,872,22834,2705,36022
8,1,17,952,15106,1935,24117
8,1,21,904,25203,3207,24377
8,1,19,904,20059,2352,32970
8,1,26,968,19841,1618,19879
8,1,45,936,3440,2173,26668
8,1,42,872,14059,4231,19499
8,1,89,896,20982,5047,21099
8,1,80,944,25227,3025,17313
8,1,74,936,27599,2295,23934
8,1,73,816,46660,5054,29389
8,1,87,976,4462,1451,21271
8,1,18,880,35363,3049,34738
8,1,27,944,2048,2730,22522
8,1,20,880,35684,4426,22839
8,1,29,928,26969,2611,25406
8,1,16,920,12929,2548,29875
8,1,11,912,23025,3774,18431
8,1,6,904,26673,2442,30002
8,1,1,976,4088,2340,14763
8,1,8,832,13679,6203,30459
8,1,9,856,32416,3252,26911
8,1,7,872,25933,3966,28335
4,3,55,977,4677,1231,16782
4,3,99,1013,2048,512,12505
4,3,52,984,3987,995,24253
4,3,64,982,2048,678,14597
4,3,90,996,2048,851,20341
4,3,97,1010,2048,704,18684
4,3,63,1012,2048,512,15895
4,3,37,981,2539,1366,17096
4,3,30,1004,2048,710,15904
4,3,39,977,2660,913,15876
4,3,62,997,2048,516,19873
4,3,96,1005,2048,874,11959
4,3,91,893,23132,1834,44016
4,3,65,1007,2048,629,23891
4,3,98,1018,2048,512,10356
4,3,53,990,2048,1095,15894
4,3,54,1006,2048,601,13214
4,3,38,982,2048,606,19292
4,3,31,979,6631,710,18361
4,3,36,989,2048,744,21487
4,3,14,1000,2361,731,13217
4,3,13,1001,6021,715,28688
4,3,25,995,4865,1014,26828
4,3,22,964,2279,1371,18598
4,3,76,997,6004,729,20879
4,3,82,1012,3083,583,15089
4,3,49,1014,2048,588,12336
4,3,85,998,2460,798,13319
4,3,71,1012,4443,512,17298
4,3,47,1010,2048,512,12922
4,3,78,1018,2048,512,10979
4,3,40,993,12581,1089,21057
4,3,23,987,2048,599,23457
4,3,24,1014,2048,581,11476
4,3,12,1001,2048,855,13446
4,3,15,1003,2048,569,14514
4,3,41,1001,11789,935,17933
4,3,46,997,2048,762,12358
4,3,79,877,19700,1506,61556
4,3,70,1010,2048,576,12824
4,3,84,971,18173,1930,20525
4,3,83,984,4948,1095,16382
4,3,77,1006,2048,608,14892
4,3,48,991,2048,810,12820
4,3,2,1011,2048,783,12573
4,3,5,965,6979,1261,22085
4,3,4,1010,2048,512,13974
4,3,3,1004,3530,616,16881
4,3,100,983,4560,1084,18807
4,3,33,1023,2048,512,11019
4,3,34,976,5482,1235,19675
4,3,51,963,17798,1463,33805
4,3,69,894,21289,1672,50368
4,3,56,988,2048,845,22606
4,3,94,1003,2048,761,11465
4,3,60,990,2048,734,20094
4,3,58,967,13598,1311,20975
4,3,67,1010,2048,512,13922
4,3,93,984,4410,893,16266
4,3,35,998,8794,870,21522
4,3,32,1002,2048,814,17257
4,3,59,1015,2048,611,10428
4,3,92,1018,2047,512,11588
4,3,66,852,35569,2815,31013
4,3,61,1019,2048,724,11783
4,3,95,952,13587,1394,30349
4,3,68,1010,4237,596,16495
4,3,57,993,2048,750,13825
4,3,50,1010,2048,821,11919
4,3,86,1006,2048,512,13532
4,3,72,970,2048,1385,33437
4,3,75,987,13552,1137,22766
4,3,81,967,12955,1938,20301
4,3,43,1008,2048,784,12815
4,3,88,1002,2047,575,12750
4,3,44,1012,2048,558,12740
4,3,10,1011,2048,585,17339
4,3,28,998,2048,661,12505
4,3,17,997,2048,924,13265
4,3,21,1017,2048,512,12374
4,3,19,1014,2047,698,12795
4,3,26,974,9561,1147,20431
4,3,45,986,2048,936,19354
4,3,42,1020,2048,512,12150
4,3,89,996,2048,746,15444
4,3,80,1005,2048,603,14393
4,3,74,959,6209,1045,42192
4,3,73,977,2048,967,21850
4,3,87,978,8202,903,26210
4,3,18,909,31434,2402,33747
4,3,27,981,2048,1331,18652
4,3,20,1009,2048,837,11612
4,3,29,998,2048,643,13119
4,3,16,1008,2048,685,12276
4,3,11,995,2048,666,13216
4,3,6,918,24578,1952,34000
4,3,1,984,3584,1254,17404
4,3,8,962,20090,1572,28418
4,3,9,999,2048,711,17562
4,3,7,998,2048,796,16218
1,3,55,410,49375,4715,100001
1,3,99,642,32254,3078,100001
1,3,52,1003,2048,726,12548
1,3,64,604,44158,4084,95728
1,3,90,960,2048,1352,34050
1,3,97,497,42515,4030,99320
1,3,63,1008,2048,740,12261
1,3,37,985,2048,675,21566
1,3,30,812,18335,1712,100001
1,3,39,707,41981,3997,100001
1,3,62,449,60941,5751,98308
1,3,96,934,16600,1779,39017
1,3,91,586,40200,3816,88010
1,3,65,632,43330,4195,100001
1,3,98,396,70634,6564,100001
1,3,53,420,69802,6645,100001
1,3,54,761,27770,2622,100001
1,3,38,531,44337,4130,100001
1,3,31,970,2047,968,18615
1,3,36,781,31223,2900,83373
1,3,14,544,40549,3790,97265
1,3,13,700,21094,1948,100001
1,3,25,713,54378,5121,100001
1,3,22,395,81701,7702,100001
1,3,76,993,7788,743,28128
1,3,82,690,30132,2865,100001
1,3,49,988,2048,1026,18246
1,3,85,600,31928,2973,100001
1,3,71,922,13475,1297,49238
1,3,47,610,52702,4933,100001
1,3,78,992,4804,682,24319
1,3,40,1000,2048,772,21550
1,3,23,942,9975,1071,40410
1,3,24,808,31535,3002,88502
1,3,12,917,16459,1597,55840
1,3,15,545,46645,4468,96406
1,3,41,829,22394,2143,78387
1,3,46,643,49244,4688,100001
1,3,79,612,34050,3293,100001
1,3,70,979,2048,996,18791
1,3,84,884,16309,1564,69682
1,3,83,459,59946,5713,100001
1,3,77,931,9656,931,58406
1,3,48,728,36391,3545,100001
1,3,2,1003,2048,804,12829
1,3,5,678,38510,3631,100001
1,3,4,750,24202,2312,100001
1,3,3,634,40661,3797,90241
1,3,100,958,10323,1738,29571
1,3,33,616,36105,3424,100001
1,3,34,663,36897,3551,100001
1,3,51,997,6427,708,19200
1,3,69,637,42120,4016,100001
1,3,56,837,24852,2412,67914
1,3,94,817,42796,4029,50366
1,3,60,660,39197,3697,100001
1,3,58,960,4598,1184,51354
1,3,67,1002,2048,696,16948
1,3,93,975,8243,828,38226
1,3,35,572,68744,6443,73375
1,3,32,900,11647,1224,77047
1,3,59,669,33778,3182,100001
1,3,92,518,41223,3829,100001
1,3,66,485,39163,3728,100001
1,3,61,1003,2048,716,11572
1,3,95,913,14530,1542,58744
1,3,68,520,47968,4458,100001
1,3,57,423,56687,5310,100001
1,3,50,728,36785,3453,94677
1,3,86,995,2048,766,17965
1,3,72,523,47418,4396,95833
1,3,75,1000,3073,718,18372
1,3,81,1006,2048,728,18906
1,3,43,949,14812,1541,28851
1,3,88,1001,2048,733,16025
1,3,44,341,57158,5372,92031
1,3,10,992,2048,878,22273
1,3,28,964,6068,875,45390
1,3,17,659,46306,4461,100001
1,3,21,496,63075,6060,100001
1,3,19,1000,2048,601,15111
1,3,26,970,7330,1050,42337
1,3,45,907,16264,1525,69715
1,3,42,489,56549,5267,100001
1,3,89,996,4131,661,23007
1,3,80,1000,2048,702,18845
1,3,74,652,54650,5120,80298
1,3,73,560,46065,4275,100001
1,3,87,502,37702,3548,100001
1,3,18,585,31670,2974,100001
1,3,27,998,2048,788,21435
1,3,20,523,62192,5835,100001
1,3,29,1014,2048,587,12589
1,3,16,869,18460,1737,84631
1,3,11,466,59744,5719,99493
1,3,6,929,8949,1083,80066
1,3,1,449,56182,5183,100001
1,3,8,818,28541,2760,100001
1,3,9,1005,2435,676,13993
1,3,7,984,10054,989,27933
16,3,55,974,13783,1393,20911
16,3,99,990,2048,1158,12558
16,3,52,959,2048,1484,12221
16,3,64,985,2048,1319,13139
16,3,90,1022,2048,512,10939
16,3,97,877,31771,3561,28732
16,3,63,957,2048,1017,19362
16,3,37,922,31740,4065,17483
16,3,30,1021,2048,512,11282
16,3,39,1005,2048,603,13024
16,3,62,938,4282,1827,14990
16,3,96,1005,2048,763,10773
16,3,91,1020,2048,512,10942
16,3,65,1020,2048,512,10473
16,3,98,988,2048,745,17513
16,3,53,1020,2048,512,11232
16,3,54,973,2048,1658,13998
16,3,38,941,14847,2510,22299
16,3,31,975,2610,909,19076
16,3,36,1023,2048,511,10240
16,3,14,1005,2048,1254,11413
16,3,13,955,4323,2064,14050
16,3,25,989,7849,1725,16981
16,3,22,974,2048,1466,12305
16,3,76,989,2048,572,17359
16,3,82,990,2048,1188,15567
16,3,49,1020,2048,512,11099
16,3,85,1003,2048,588,12004
16,3,71,1022,2048,512,10171
16,3,47,1003,2048,1500,14453
16,3,78,1002,2048,512,14909
16,3,40,990,2048,914,11504
16,3,23,974,11222,1520,18127
16,3,24,925,12905,2093,24270
16,3,12,987,2048,918,12682
16,3,15,991,2048,703,11582
16,3,41,942,2048,2007,21564
16,3,46,992,2048,989,13833
16,3,79,953,2048,1967,16717
16,3,70,1022,2048,512,10753
16,3,84,1023,2048,512,11691
16,3,83,974,14564,1919,15407
16,3,77,1007,2048,598,10807
16,3,48,1021,2048,512,10177
16,3,2,951,2048,2927,14374
16,3,5,987,9309,1152,24394
16,3,4,1023,2048,512,9243
16,3,3,1019,2048,512,11295
16,3,100,828,14727,2455,38868
16,3,33,986,2048,1067,11369
16,3,34,988,2048,512,17381
16,3,51,909,14845,2862,22131
16,3,69,1006,2047,902,12144
16,3,56,940,11396,2297,17335
16,3,94,1019,2048,512,10828
16,3,60,987,2048,575,17740
16,3,58,731,51163,6016,30023
16,3,67,1004,2047,511,13208
16,3,93,987,2048,1085,12643
16,3,35,1008,2048,512,13682
16,3,32,944,14342,1848,22266
16,3,59,1003,2048,888,14354
16,3,92,1005,2047,1382,14960
16,3,66,990,2048,1258,13799
16,3,61,897,8235,2218,18873
16,3,95,971,11955,1764,15315
16,3,68,990,2048,1634,14088
16,3,57,1008,2048,941,12180
16,3,50,992,3150,1129,16657
16,3,86,1005,2048,772,11402
16,3,72,988,2048,1102,12486
16,3,75,987,2048,1627,15623
16,3,81,944,11753,1752,21301
16,3,43,1006,2048,943,10717
16,3,88,1007,2048,926,12531
16,3,44,1007,2048,963,12485
16,3,10,1023,2048,512,10331
16,3,28,1020,2048,512,11177
16,3,17,1006,2048,691,11843
16,3,21,973,2776,701,12029
16,3,19,1022,2048,512,10941
16,3,26,926,6996,1804,24249
16,3,45,991,12145,1460,13563
16,3,42,942,15460,2202,16632
16,3,89,1003,2048,710,11270
16,3,80,988,2048,1574,15627
16,3,74,907,20292,2003,26051
16,3,73,1004,2048,573,11710
16,3,87,1007,2048,512,17111
16,3,18,940,2048,1408,18213
16,3,27,1003,2048,916,13467
16,3,20,970,2048,1024,13851
16,3,29,940,2751,1112,19298
16,3,16,989,8748,1420,14246
16,3,11,989,12751,1681,13175
16,3,6,929,2048,2298,18318
16,3,1,1023,2048,512,12140
16,3,8,893,7302,1804,26262
16,3,9,989,2048,758,13031
16,3,7,877,47208,4190,28775
2,3,55,766,41350,3673,100001
2,3,99,998,2048,670,21389
2,3,52,989,2047,746,18435
2,3,64,1010,2048,680,11442
2,3,90,683,55218,5020,69530
2,3,97,1005,2048,647,12294
2,3,63,974,7789,945,24780
2,3,37,882,32097,2986,45606
2,3,30,998,2048,735,14787
2,3,39,813,31211,2827,81158
2,3,62,1003,2047,848,13683
2,3,96,1004,2047,578,13497
2,3,91,923,11952,1312,41549
2,3,65,993,2048,674,24582
2,3,98,1000,2048,512,17687
2,3,53,1001,2048,514,16353
2,3,54,990,2047,858,15449
2,3,38,1005,2048,677,23689
2,3,31,1012,2048,593,12929
2,3,36,914,20340,1883,62939
2,3,14,1013,2048,642,10962
2,3,13,922,17409,1685,40901
2,3,25,1013,2048,512,12932
2,3,22,936,14586,1601,41809
2,3,76,642,52422,4714,85447
2,3,82,918,20959,1948,40432
2,3,49,1008,2048,512,10965
2,3,85,1006,2048,512,18132
2,3,71,966,8161,1345,23721
2,3,47,987,3161,1107,17652
2,3,78,1004,2048,590,18727
2,3,40,1002,2048,531,15571
2,3,23,1007,2048,609,12149
2,3,24,995,2048,607,16583
2,3,12,888,25261,2281,42825
2,3,15,1004,2047,570,14074
2,3,41,912,21392,1997,43302
2,3,46,830,31207,2863,44461
2,3,79,1007,2048,819,14498
2,3,70,996,2048,909,16834
2,3,84,749,43570,4062,66846
2,3,83,1002,3508,652,27532
2,3,77,961,11497,1080,44157
2,3,48,746,32089,2964,71243
2,3,2,600,36360,3302,100001
2,3,5,967,14913,1549,25810
2,3,4,877,34329,3164,39835
2,3,3,988,2048,1009,15768
2,3,100,997,6545,721,23142
2,3,33,997,2183,684,19559
2,3,34,796,26971,2694,79163
2,3,51,947,18490,1698,41461
2,3,69,994,2048,1058,15173
2,3,56,883,39400,3738,39538
2,3,94,997,2230,759,19811
2,3,60,1015,2048,512,12660
2,3,58,924,21101,1946,45012
2,3,67,988,3159,1005,25831
2,3,93,983,2048,1003,20691
2,3,35,954,8191,1016,48127
2,3,32,957,8343,785,61320
2,3,59,980,6730,921,30466
2,3,92,996,2214,684,14923
2,3,66,871,24717,2361,58011
2,3,61,857,28920,2658,58143
2,3,95,683,54208,4916,81520
2,3,68,945,15032,1462,52322
2,3,57,961,3705,1753,23745
2,3,50,749,27432,2637,100001
2,3,86,684,29051,2716,100001
2,3,72,841,33028,3143,48801
2,3,75,998,2241,657,23780
2,3,81,973,7538,787,40610
2,3,43,985,2861,712,24169
2,3,88,910,16396,1516,58465
2,3,44,983,2048,1006,17302
2,3,10,984,2048,1078,17884
2,3,28,821,32993,3076,67783
2,3,17,1017,2048,659,12237
2,3,21,994,2048,761,19736
2,3,19,1001,3051,607,14854
2,3,26,1004,3468,512,34786
2,3,45,779,21095,1943,86175
2,3,42,987,11765,1114,33104
2,3,89,965,8299,753,48899
2,3,80,610,40718,3747,100001
2,3,74,949,11827,1142,38816
2,3,73,1012,2048,611,13714
2,3,87,964,14774,1343,31547
2,3,18,984,8757,807,32063
2,3,27,1009,2048,512,12822
2,3,20,903,18967,1782,80272
2,3,29,1008,3564,917,12824
2,3,16,1004,2048,664,16089
2,3,11,933,10378,963,58666
2,3,6,834,25759,2538,60082
2,3,1,1004,2048,608,23469
2,3,8,998,6269,898,33887
2,3,9,969,3360,1556,15448
2,3,7,608,34795,3141,100001
2,1,55,542,83295,7679,76811
2,1,99,504,82895,8976,65985
2,1,52,538,86114,8267,68457
2,1,64,510,78219,7162,57877
2,1,90,354,72687,7045,74405
2,1,97,660,71522,7587,45374
2,1,63,542,77222,7163,70493
2,1,37,660,65942,6297,63497
2,1,30,784,60745,5599,33350
2,1,39,562,81495,7582,47751
2,1,62,376,105524,10525,65035
2,1,96,760,51220,6620,31707
2,1,91,424,89126,8617,63080
2,1,65,578,80820,7510,46415
2,1,98,418,88200,8231,64827
2,1,53,452,101991,9756,50574
2,1,54,862,33605,3067,41952
2,1,38,560,76129,7937,60257
2,1,31,748,50385,4790,50196
2,1,36,672,62688,6228,86228
2,1,14,746,49882,5881,53045
2,1,13,754,40269,5066,54009
2,1,25,656,49195,4529,59169
2,1,22,434,100392,10203,67997
2,1,76,628,51684,4875,78630
2,1,82,546,87055,7951,71015
2,1,49,470,90403,8707,74372
2,1,85,698,33411,3124,80589
2,1,71,378,95641,9187,82413
2,1,47,570,73008,6564,65807
2,1,78,466,96922,10239,61049
2,1,40,456,115515,11388,53216
2,1,23,508,72468,6402,67494
2,1,24,760,45007,6459,56801
2,1,12,594,85650,9601,59344
2,1,15,562,71533,6660,46710
2,1,41,610,67676,7487,55564
2,1,46,504,79239,7164,86046
2,1,79,718,48562,5398,44612
2,1,70,504,59758,6246,75593
2,1,84,478,58390,5275,75990
2,1,83,488,79932,9117,77837
2,1,77,564,109059,11437,38450
2,1,48,560,105638,9617,42585
2,1,2,636,44879,4341,62980
2,1,5,542,84051,8988,78623
2,1,4,618,83087,7755,44162
2,1,3,570,80984,8089,83132
2,1,100,746,42186,5132,41928
2,1,33,522,56978,5877,98223
2,1,34,768,44807,5009,66813
2,1,51,520,82212,7401,47307
2,1,69,456,80977,7469,51670
2,1,56,650,64099,6194,55396
2,1,94,468,97899,9435,52831
2,1,60,644,64371,8254,45940
2,1,58,504,69237,6711,69413
2,1,67,412,87311,8063,64449
2,1,93,784,39662,3689,57721
2,1,35,522,53430,4856,73738
2,1,32,698,33922,3120,87858
2,1,59,612,69292,6766,87454
2,1,92,658,61926,6350,45145
2,1,66,568,75023,6884,53728
2,1,61,480,107819,10487,53884
2,1,95,608,78226,8313,51102
2,1,68,540,73064,8206,68863
2,1,57,352,104127,9584,65390
2,1,50,768,37047,3876,71045
2,1,86,782,43575,5398,43751
2,1,72,530,91311,9375,57788
2,1,75,832,31808,2934,61953
2,1,81,570,78539,7214,51712
2,1,43,526,74730,6796,55104
2,1,88,782,34434,3777,65503
2,1,44,494,71471,6597,100001
2,1,10,758,43659,4617,45723
2,1,28,790,31855,3947,49514
2,1,17,682,47836,5743,76214
2,1,21,728,71002,6986,40801
2,1,19,506,63286,5903,81667
2,1,26,458,84456,7618,80961
2,1,45,558,61079,8695,55249
2,1,42,592,45103,5331,60131
2,1,89,546,79173,7128,63215
2,1,80,490,79889,8259,65253
2,1,74,778,49903,5003,52933
2,1,73,498,72117,7512,91459
2,1,87,930,20779,1916,45123
2,1,18,404,103440,9349,58781
2,1,27,478,71971,7611,73886
2,1,20,644,80616,7818,47390
2,1,29,600,63989,6510,48994
2,1,16,702,62000,5566,73702
2,1,11,410,72922,6570,66722
2,1,6,390,68962,6500,78968
2,1,1,548,65048,6379,96085
2,1,8,524,86955,8234,61341
2,1,9,598,90450,8299,49076
2,1,7,482,94486,8624,45184
2,2,55,881,24839,3508,26587
2,2,99,831,41897,5480,23921
2,2,52,888,21342,3676,22219
2,2,64,852,30064,5199,20905
2,2,90,874,40488,4459,20058
2,2,97,914,24146,2842,25574
2,2,63,865,29394,4371,26792
2,2,37,895,22600,4365,24522
2,2,30,930,23345,1967,21710
2,2,39,834,25334,4747,27718
2,2,62,871,32354,4422,24110
2,2,96,962,14513,1975,20473
2,2,91,882,25413,3123,24927
2,2,65,919,33004,3367,24140
2,2,98,873,38497,5035,22199
2,2,53,901,20179,4317,23890
2,2,54,906,22551,2858,25272
2,2,38,895,39333,3287,18863
2,2,31,879,20956,3810,29566
2,2,36,860,37261,4907,20627
2,2,14,873,41538,4303,20101
2,2,13,954,15275,2048,22527
2,2,25,881,22146,3891,21936
2,2,22,893,21092,3676,25847
2,2,76,889,32138,4084,22321
2,2,82,926,8318,2508,28260
2,2,49,931,23089,2974,19787
2,2,85,876,23096,3877,22597
2,2,71,899,25743,3438,28067
2,2,47,922,18490,3326,23013
2,2,78,916,19774,3622,24268
2,2,40,916,26091,2913,23090
2,2,23,833,35769,5489,23760
2,2,24,902,16155,3569,24837
2,2,12,884,23285,3985,22904
2,2,15,880,27413,3992,19780
2,2,41,915,31933,2452,23545
2,2,46,945,11457,2604,24095
2,2,79,939,19613,2238,21773
2,2,70,888,35403,4211,18897
2,2,84,953,15125,1976,19660
2,2,83,902,28946,3192,27530
2,2,77,891,20710,4034,21494
2,2,48,930,15650,2201,21928
2,2,2,809,37330,5157,25675
2,2,5,953,18707,2413,20154
2,2,4,923,21144,2599,21947
2,2,3,922,25828,2461,21539
2,2,100,890,29395,4092,22601
2,2,33,869,32251,3942,24046
2,2,34,962,17124,2172,19725
2,2,51,929,18025,2566,30255
2,2,69,925,22518,2443,23079
2,2,56,905,22138,3729,21153
2,2,94,870,31907,4158,24376
2,2,60,975,10261,2563,19503
2,2,58,857,40726,4227,22798
2,2,67,902,31202,4115,19722
2,2,93,891,24359,3055,27751
2,2,35,973,17278,1696,17571
2,2,32,895,19946,2466,30528
2,2,59,929,12944,2107,23124
2,2,92,865,20481,3632,28918
2,2,66,822,37106,6782,21026
2,2,61,941,20634,2662,19292
2,2,95,940,14998,2417,20731
2,2,68,904,25619,3635,27500
2,2,57,830,42021,5227,21308
2,2,50,906,21336,3552,25404
2,2,86,925,26351,3081,18079
2,2,72,952,15568,2132,26652
2,2,75,817,24326,5978,25872
2,2,81,931,13323,2560,29016
2,2,43,850,27120,5055,22664
2,2,88,880,26178,3716,25485
2,2,44,843,43885,3937,27143
2,2,10,866,30860,5169,26323
2,2,28,842,48946,4876,26881
2,2,17,875,26006,4441,22680
2,2,21,888,37069,3445,19200
2,2,19,858,40328,4522,22851
2,2,26,933,17225,3103,23901
2,2,45,878,26983,4229,20664
2,2,42,906,28257,3703,22344
2,2,89,901,25422,3635,23958
2,2,80,909,11840,3809,22518
2,2,74,898,29568,3233,22121
2,2,73,886,24986,3861,24239
2,2,87,811,34790,5828,23198
2,2,18,897,26787,3816,22512
2,2,27,884,33602,3079,23733
2,2,20,865,35792,5387,21837
2,2,29,911,23821,3064,24779
2,2,16,998,3698,1047,24401
2,2,11,997,3985,1221,28260
2,2,6,899,24290,3495,21508
2,2,1,839,31566,4611,22642
2,2,8,921,26922,3260,20154
2,2,9,884,25207,3858,25144
2,2,7,892,33979,3838,20110
1,2,55,983,10652,1345,23196
1,2,99,886,26085,3708,25760
1,2,52,939,15790,1853,25598
1,2,64,955,21250,2335,20824
1,2,90,896,23285,3201,25950
1,2,97,935,15486,2363,25818
1,2,63,964,20152,2004,19111
1,2,37,945,14717,2438,24290
1,2,30,889,34796,3825,24913
1,2,39,899,25737,4227,23709
1,2,62,980,8582,1589,22889
1,2,96,885,28423,3648,27962
1,2,91,862,42623,5213,23939
1,2,65,962,20841,2054,20355
1,2,98,916,25644,2520,28904
1,2,53,931,24632,3020,22698
1,2,54,904,23751,3548,22051
1,2,38,904,24253,2857,33490
1,2,31,857,32357,3938,28923
1,2,36,869,41301,4709,27635
1,2,14,887,31896,3192,25644
1,2,13,914,22966,2877,27956
1,2,25,899,28289,3978,22241
1,2,22,917,35471,3569,25797
1,2,76,917,23433,3355,24236
1,2,82,891,34012,3332,23401
1,2,49,925,29065,3075,21991
1,2,85,896,24542,3485,28341
1,2,71,902,28144,3796,23760
1,2,47,896,28085,3321,32341
1,2,78,917,18653,2298,28980
1,2,40,962,16545,2167,23757
1,2,23,876,30791,3204,29081
1,2,24,902,25181,3339,27309
1,2,12,870,43063,4873,28335
1,2,15,894,29231,3210,25456
1,2,41,889,28347,3737,23926
1,2,46,886,36861,3774,29442
1,2,79,930,22812,1989,24602
1,2,70,831,44380,5207,28592
1,2,84,836,44022,5025,24803
1,2,83,911,25322,2842,27053
1,2,77,859,34778,4143,25612
1,2,48,816,43324,5741,27720
1,2,2,876,29016,4287,25618
1,2,5,890,27000,3394,24572
1,2,4,950,14638,2411,24286
1,2,3,921,15305,2659,26176
1,2,100,893,29284,3876,27651
1,2,33,829,52539,5503,22778
1,2,34,948,22213,2232,22299
1,2,51,922,18423,3518,26723
1,2,69,890,51780,3314,21191
1,2,56,927,21676,2810,23894
1,2,94,914,26395,3020,22394
1,2,60,865,38728,3758,25886
1,2,58,934,18610,2618,32313
1,2,67,907,24029,3222,25504
1,2,93,904,30348,3700,21277
1,2,35,877,31178,4060,24871
1,2,32,838,41378,5108,27559
1,2,59,879,34978,3953,24130
1,2,92,918,20898,2784,26134
1,2,66,918,23468,2368,27646
1,2,61,902,26826,4350,24584
1,2,95,873,32356,4697,22988
1,2,68,862,26580,4067,31508
1,2,57,926,16875,2710,25677
1,2,50,912,21935,3028,27780
1,2,86,861,39731,4664,25215
1,2,72,891,24744,4536,24566
1,2,75,890,28213,3704,24017
1,2,81,868,32660,4498,26410
1,2,43,954,19865,2152,18961
1,2,88,856,35300,4404,22482
1,2,44,875,28436,3603,27236
1,2,10,867,35547,4095,26286
1,2,28,885,26457,3472,28622
1,2,17,880,42582,3734,21790
1,2,21,842,32766,4638,32594
1,2,19,911,23538,2789,25162
1,2,26,866,27278,3050,28006
1,2,45,874,39299,4527,26805
1,2,42,874,33383,4925,22688
1,2,89,883,36177,4613,24199
1,2,80,916,23276,2537,24651
1,2,74,860,37802,4847,25499
1,2,73,888,26777,3570,25875
1,2,87,897,27601,2725,27910
1,2,18,892,36334,3856,23061
1,2,27,924,24921,2632,22630
1,2,20,821,51941,5197,31946
1,2,29,908,18979,2310,35071
1,2,16,935,27060,2216,23942
1,2,11,878,36546,3414,24166
1,2,6,916,23440,2645,27021
1,2,1,876,30147,3672,28833
1,2,8,909,19886,2284,27960
1,2,9,970,13470,1854,23220
1,2,7,848,31676,5780,27457
16,2,55,888,16946,3685,19477
16,2,99,960,13018,3297,15636
16,2,52,944,10785,3029,18844
16,2,64,871,31936,4527,19116
16,2,90,976,10690,2545,16607
16,2,97,934,16611,2730,15992
16,2,63,912,17510,4525,16095
16,2,37,966,10487,2423,17916
16,2,30,960,8635,2818,15701
16,2,39,1024,2048,512,11723
16,2,62,896,12135,5681,19028
16,2,96,834,39671,5442,15413
16,2,91,960,18349,2667,14508
16,2,65,924,15332,2883,19726
16,2,98,992,2048,2483,14056
16,2,53,885,25137,4180,16338
16,2,54,940,9867,4315,14352
16,2,38,923,28793,1873,16620
16,2,31,976,16439,2127,11890
16,2,36,984,10252,1446,16366
16,2,14,929,40815,1425,16879
16,2,13,859,37123,4253,16636
16,2,25,907,21691,4324,14632
16,2,22,928,5354,4578,21328
16,2,76,928,7937,3697,21076
16,2,82,944,18664,3609,14886
16,2,49,985,15214,1042,16134
16,2,85,960,2048,3434,18170
16,2,71,850,35993,4369,17727
16,2,47,976,13501,1578,16900
16,2,78,864,7932,6786,20548
16,2,40,928,24419,3035,19234
16,2,23,974,7377,2575,16876
16,2,24,806,31572,6140,25607
16,2,12,902,34987,3005,16606
16,2,15,975,17376,1138,15052
16,2,41,830,32298,4318,19432
16,2,46,880,23480,4727,19452
16,2,79,946,30366,1206,16088
16,2,70,867,11406,6142,16261
16,2,84,966,9142,1602,19262
16,2,83,860,26107,4978,19866
16,2,77,880,9990,5047,20999
16,2,48,924,10497,3489,19814
16,2,2,925,20089,3846,17897
16,2,5,848,17630,6085,18961
16,2,4,880,42676,3386,16517
16,2,3,928,10762,3976,16446
16,2,100,957,17536,2135,13494
16,2,33,992,2047,2742,13734
16,2,34,1008,2048,1623,11434
16,2,51,874,27496,4880,20826
16,2,69,992,13300,783,15176
16,2,56,878,17367,5202,24388
16,2,94,849,18050,4702,19546
16,2,60,910,7188,3614,22153
16,2,58,976,20773,643,13320
16,2,67,931,18835,2863,17157
16,2,93,980,9896,1583,16463
16,2,35,934,11165,2601,18118
16,2,32,911,15375,4086,19501
16,2,59,944,14598,4175,15795
16,2,92,971,9934,2241,15549
16,2,66,944,19680,1772,17282
16,2,61,805,40384,3681,22033
16,2,95,892,22744,4410,18744
16,2,68,931,22531,3418,13108
16,2,57,934,14857,2419,23003
16,2,50,976,9472,1606,16850
16,2,86,777,44054,6711,17104
16,2,72,887,31198,4023,20159
16,2,75,792,49286,5309,19747
16,2,81,975,11051,2476,13627
16,2,43,897,28262,1888,19062
16,2,88,965,11357,2557,12009
16,2,44,923,30354,2005,15690
16,2,10,928,13769,3983,16909
16,2,28,887,27798,5229,18845
16,2,17,880,28438,6355,15256
16,2,21,929,26473,2577,16208
16,2,19,928,25394,2659,17901
16,2,26,919,22459,2521,19522
16,2,45,917,16893,3661,18847
16,2,42,865,32453,4834,17823
16,2,89,893,20690,3646,19823
16,2,80,884,23635,4866,17268
16,2,74,992,2048,2542,13077
16,2,73,927,25569,3142,16273
16,2,87,841,23989,6906,16977
16,2,18,969,15420,1607,17438
16,2,27,935,10943,3765,14396
16,2,20,956,19357,1781,15968
16,2,29,908,28625,2802,16735
16,2,16,928,13577,3789,19446
16,2,11,1024,2048,512,9667
16,2,6,916,22808,3283,15062
16,2,1,920,20003,2930,17625
16,2,8,921,13695,3780,18985
16,2,9,951,21810,1645,15518
16,2,7,898,35284,3328,17920
4,2,55,868,31611,3090,20681
4,2,99,1000,2048,1565,16015
4,2,52,947,11176,2607,19742
4,2,64,973,9907,1539,20878
4,2,90,862,22120,4081,20255
4,2,97,939,9684,2139,20397
4,2,63,889,21527,3499,23914
4,2,37,975,9234,1881,15753
4,2,30,935,16713,2553,18686
4,2,39,915,17814,2590,20274
4,2,62,915,27296,2401,21203
4,2,96,930,12365,2679,19644
4,2,91,918,20795,3056,21450
4,2,65,930,22919,2903,18010
4,2,98,992,9388,774,24054
4,2,53,882,20529,2728,24314
4,2,54,866,25342,4424,23486
4,2,38,996,6195,1015,17482
4,2,31,907,16489,2473,21609
4,2,36,888,29711,3586,16836
4,2,14,919,17969,2424,21045
4,2,13,910,17183,3163,19721
4,2,25,933,13382,2808,17876
4,2,22,909,18578,3946,17974
4,2,76,1004,6640,1081,13596
4,2,82,924,14068,3386,19816
4,2,49,893,15183,3752,20127
4,2,85,950,9038,1922,22855
4,2,71,883,24788,3122,22328
4,2,47,862,36300,4589,20925
4,2,78,907,15590,2183,24226
4,2,40,965,8731,2112,15595
4,2,23,1008,2048,1045,17537
4,2,24,892,31209,3530,23005
4,2,12,976,8023,1834,20347
4,2,15,947,12801,2346,18177
4,2,41,916,26980,2246,18491
4,2,46,928,18266,2711,21869
4,2,79,949,16529,1848,18507
4,2,70,960,16113,1702,25347
4,2,84,1005,3677,1186,15485
4,2,83,916,19026,2078,25211
4,2,77,979,9138,1514,16793
4,2,48,929,19695,2394,20685
4,2,2,942,18757,2276,25714
4,2,5,942,13618,2713,20162
4,2,4,941,14311,3335,16201
4,2,3,940,12356,2101,24890
4,2,100,938,8599,2006,24339
4,2,33,901,10248,3362,24386
4,2,34,951,13342,2397,16749
4,2,51,927,15929,2127,20250
4,2,69,1006,7683,870,14943
4,2,56,1024,2047,512,9910
4,2,94,975,12592,2102,15409
4,2,60,910,28406,2308,21371
4,2,58,942,13908,2013,19247
4,2,67,886,26461,3605,18590
4,2,93,920,23918,1880,21549
4,2,35,920,18050,2403,18345
4,2,32,922,17347,2724,18827
4,2,59,931,16344,2946,19320
4,2,92,996,7903,1218,16446
4,2,66,978,7256,1385,18692
4,2,61,927,15106,2746,22510
4,2,95,928,12483,2440,22133
4,2,68,944,12280,2015,24902
4,2,57,950,18630,1804,20902
4,2,50,962,14381,2169,15758
4,2,86,919,15073,3499,19008
4,2,72,979,9146,806,22864
4,2,75,930,17027,2633,22818
4,2,81,1016,2048,1036,12495
4,2,43,983,5969,2003,16054
4,2,88,936,13976,2458,19965
4,2,44,1002,3082,1236,18604
4,2,10,992,7952,942,18664
4,2,28,923,8931,3632,18138
4,2,17,976,4990,1579,19635
4,2,21,925,19701,3013,17111
4,2,19,898,20059,2300,22568
4,2,26,857,29786,3757,20158
4,2,45,915,13387,2044,29947
4,2,42,988,15078,1079,16768
4,2,89,976,10897,1669,19139
4,2,80,884,25766,3742,20346
4,2,74,936,18499,2149,24879
4,2,73,894,22091,3799,27113
4,2,87,975,15505,1227,17231
4,2,18,961,16408,1730,19565
4,2,27,939,25070,1771,18265
4,2,20,977,7888,1211,20572
4,2,29,945,19015,1706,19082
4,2,16,917,29517,2925,17158
4,2,11,945,12091,2446,18910
4,2,6,889,16613,3402,23009
4,2,1,902,17998,3402,23208
4,2,8,968,7110,1617,30683
4,2,9,955,11072,2598,20040
4,2,7,866,28775,2965,22597
8,3,55,995,2048,963,13305
8,3,99,1021,2048,512,10724
8,3,52,1022,2048,512,11002
8,3,64,1022,2048,512,10665
8,3,90,1022,2048,512,11314
8,3,97,1005,2448,578,12984
8,3,63,1017,2048,608,10752
8,3,37,1011,2048,948,12063
8,3,30,1015,2048,512,12319
8,3,39,1023,2048,512,9614
8,3,62,1021,2048,512,9829
8,3,96,1017,2047,512,11141
8,3,91,1003,2048,609,14421
8,3,65,998,2048,720,11554
8,3,98,962,32691,2357,20658
8,3,53,995,2048,570,11381
8,3,54,999,2048,943,13213
8,3,38,1020,2048,512,11362
8,3,31,1008,2048,700,11880
8,3,36,1008,2048,595,10163
8,3,14,1021,2048,512,10456
8,3,13,1005,2048,904,12231
8,3,25,1013,2048,512,13737
8,3,22,1006,2048,980,13418
8,3,76,995,2048,1018,17174
8,3,82,1014,2048,685,12184
8,3,49,1020,2047,512,11293
8,3,85,1014,2048,512,13578
8,3,71,1006,2048,988,12106
8,3,47,1006,2048,579,12494
8,3,78,1011,2048,512,14737
8,3,40,999,4729,770,15940
8,3,23,1013,2048,512,11180
8,3,24,1013,2048,601,11938
8,3,12,1012,2048,512,12527
8,3,15,1012,2048,670,11796
8,3,41,1008,2048,627,11290
8,3,46,1022,2048,512,10123
8,3,79,1019,2048,512,11632
8,3,70,1014,2048,512,14244
8,3,84,1012,2048,794,14765
8,3,83,1008,2048,596,13639
8,3,77,1016,2047,512,11194
8,3,48,1019,2048,512,11464
8,3,2,1015,2048,512,14055
8,3,5,1012,2048,530,10395
8,3,4,999,10489,862,20135
8,3,3,1019,2048,512,10401
8,3,100,989,2048,1076,19261
8,3,33,994,2048,770,18953
8,3,34,942,17131,1326,25161
8,3,51,1021,2048,512,10565
8,3,69,983,2047,908,19430
8,3,56,1006,2048,744,12670
8,3,94,1021,2048,512,9185
8,3,60,1006,2048,986,12594
8,3,58,998,2048,609,14793
8,3,67,1020,2048,512,10066
8,3,93,1009,2048,610,10697
8,3,35,986,2048,734,15843
8,3,32,1021,2048,512,10670
8,3,59,1015,2048,545,11077
8,3,92,988,2048,889,17930
8,3,66,996,2048,1037,13489
8,3,61,997,2048,788,14292
8,3,95,990,2048,618,14653
8,3,68,992,5647,1016,21107
8,3,57,981,10253,807,20071
8,3,50,1007,2048,603,14899
8,3,86,1022,2048,512,10967
8,3,72,980,11493,1235,18220
8,3,75,998,2048,1062,11854
8,3,81,989,2048,1095,15099
8,3,43,1006,2048,657,11945
8,3,88,1021,2048,512,11024
8,3,44,990,4310,1069,14276
8,3,10,1014,2048,909,14115
8,3,28,1021,2047,512,10345
8,3,17,1017,2048,578,10699
8,3,21,1014,2048,605,10051
8,3,19,986,13529,962,21470
8,3,26,1022,2047,512,10707
8,3,45,999,2048,512,17996
8,3,42,988,2048,823,15282
8,3,89,1022,2047,512,10428
8,3,80,1019,2048,566,9607
8,3,74,1023,2048,512,9876
8,3,73,1008,2048,765,12770
8,3,87,975,10635,1028,24777
8,3,18,993,4580,917,16954
8,3,27,1007,2048,941,12254
8,3,20,898,36470,3143,23169
8,3,29,1022,2048,512,10332
8,3,16,1010,2048,611,11191
8,3,11,982,2048,877,16156
8,3,6,940,12239,2110,22648
8,3,1,997,2048,1076,17273
8,3,8,1020,2048,512,11076
8,3,9,1021,2048,512,10776
8,3,7,1021,2048,512,11091
16,1,55,912,21560,4257,21588
16,1,99,976,10967,3605,13575
16,1,52,880,39024,4471,29463
16,1,64,704,42412,5935,40384
16,1,90,928,26914,5250,16922
16,1,97,928,31266,3793,27140
16,1,63,864,26161,4057,26183
16,1,37,768,59704,10433,22762
16,1,30,944,16784,2909,28394
16,1,39,544,77425,10435,37236
16,1,62,928,12002,3407,22634
16,1,96,960,6842,4523,13619
16,1,91,976,2048,1645,23733
16,1,65,992,4458,2037,15174
16,1,98,832,40496,7302,29402
16,1,53,624,101852,11672,33505
16,1,54,784,25134,6692,34279
16,1,38,1008,2048,1426,14412
16,1,31,864,38895,6540,21354
16,1,36,848,34414,7419,21248
16,1,14,800,44859,6087,25831
16,1,13,800,28826,7570,36394
16,1,25,880,24937,4503,25383
16,1,22,928,22311,3273,25326
16,1,76,736,57340,8785,31357
16,1,82,848,22502,6637,26578
16,1,49,960,2048,4299,14408
16,1,85,816,46308,5593,30792
16,1,71,880,33024,5883,25529
16,1,47,880,29038,4337,30495
16,1,78,816,32824,4205,30533
16,1,40,960,9253,3438,24009
16,1,23,832,54822,5648,25782
16,1,24,864,9937,8483,18676
16,1,12,880,27230,4533,24859
16,1,15,704,71844,7075,36353
16,1,41,848,43505,5852,25352
16,1,46,800,24805,8039,29777
16,1,79,1024,2047,512,11694
16,1,70,960,7968,3394,17769
16,1,84,736,59452,8056,24754
16,1,83,848,49582,4938,30646
16,1,77,832,37252,4683,29672
16,1,48,752,46021,5077,41759
16,1,2,832,41768,5893,21830
16,1,5,880,30319,4977,25040
16,1,4,816,52871,6034,36278
16,1,3,784,69377,8073,22632
16,1,100,1024,2048,512,11049
16,1,33,832,49707,8488,24523
16,1,34,752,60078,7252,27139
16,1,51,928,28710,3819,28736
16,1,69,1008,3746,1274,15135
16,1,56,912,26065,4117,20731
16,1,94,992,9664,1380,22221
16,1,60,912,29350,5169,21679
16,1,58,752,106655,11367,21945
16,1,67,784,42742,6422,30899
16,1,93,752,53551,6508,30692
16,1,35,800,49977,7219,23128
16,1,32,960,6190,3636,19127
16,1,59,896,39316,5539,21991
16,1,92,768,55974,9740,19857
16,1,66,896,32325,4572,22579
16,1,61,928,19045,2498,32469
16,1,95,848,23618,7004,23783
16,1,68,848,29454,6272,25178
16,1,57,896,2166,5336,18576
16,1,50,944,15430,3586,27549
16,1,86,896,26972,4292,21244
16,1,72,864,45430,8264,16204
16,1,75,832,37059,5332,26759
16,1,81,928,32581,4473,22440
16,1,43,672,66017,11221,34208
16,1,88,912,24439,3698,22142
16,1,44,816,50178,8862,20700
16,1,10,880,22622,5729,31642
16,1,28,800,57045,7820,20795
16,1,17,992,18910,2454,14147
16,1,21,960,8482,2070,22704
16,1,19,960,15091,3320,18596
16,1,26,944,34879,3553,17865
16,1,45,864,40429,4062,41486
16,1,42,880,43981,5106,27183
16,1,89,800,33465,7573,31707
16,1,80,928,21556,5813,15321
16,1,74,736,53742,9423,23045
16,1,73,880,40972,4997,29813
16,1,87,864,35729,5895,24142
16,1,18,816,32105,7918,20997
16,1,27,1008,2048,1623,11766
16,1,20,736,75420,9103,33842
16,1,29,864,29776,3577,32907
16,1,16,880,24552,5789,22321
16,1,11,816,36867,9127,23398
16,1,6,832,41814,4017,27066
16,1,1,944,10447,4271,16683
16,1,8,768,42395,6211,29594
16,1,9,928,21818,3548,19544
16,1,7,944,8717,4830,14382
4,1,55,804,33114,3578,41267
4,1,99,884,36479,3039,31454
4,1,52,884,23216,3136,35144
4,1,64,760,49899,3911,49655
4,1,90,848,29216,2517,40559
4,1,97,672,84497,9622,26319
4,1,63,1004,9569,1386,16669
4,1,37,796,35215,3708,37979
4,1,30,676,91331,8322,30970
4,1,39,860,31522,2326,45552
4,1,62,668,60152,6535,62188
4,1,96,880,33946,3942,32089
4,1,91,760,39211,4208,41936
4,1,65,892,47032,4547,22897
4,1,98,928,18947,2964,19466
4,1,53,912,26765,2148,35481
4,1,54,852,37143,3378,31793
4,1,38,896,18815,4255,22241
4,1,31,908,31417,3735,26027
4,1,36,692,43117,4882,47750
4,1,14,780,59732,4821,32423
4,1,13,980,7617,1494,20018
4,1,25,840,33079,3397,33256
4,1,22,656,77221,6375,36445
4,1,76,832,31576,3449,41128
4,1,82,796,44726,5183,29737
4,1,49,872,22940,1848,55794
4,1,85,840,34310,3197,44363
4,1,71,928,26878,3150,21769
4,1,47,932,14287,3230,30805
4,1,78,712,38664,3887,56264
4,1,40,876,40511,3823,31715
4,1,23,876,25864,2811,46822
4,1,24,924,34401,3289,23356
4,1,12,768,40118,4554,54440
4,1,15,768,35219,4985,46669
4,1,41,896,34833,3611,33085
4,1,46,880,25211,2080,37953
4,1,79,728,66038,5876,40595
4,1,70,768,44636,4064,45457
4,1,84,920,34885,3117,24656
4,1,83,888,17754,2691,31431
4,1,77,940,12791,2558,32599
4,1,48,932,14729,3033,26395
4,1,2,764,44504,6166,33751
4,1,5,892,24826,3060,27801
4,1,4,796,45084,3820,35463
4,1,3,668,39731,5832,47524
4,1,100,820,40603,3689,39918
4,1,33,580,54582,5683,75956
4,1,34,796,50156,4695,34129
4,1,51,576,74821,6199,50377
4,1,69,868,40678,4884,22149
4,1,56,912,13551,3958,24968
4,1,94,864,36628,3154,37070
4,1,60,996,8951,1287,18256
4,1,58,916,18769,2419,28439
4,1,67,804,40311,3803,45042
4,1,93,820,44897,3558,30563
4,1,35,924,23563,2412,26944
4,1,32,912,18908,1927,54933
4,1,59,828,37505,3703,30838
4,1,92,824,43745,4565,32490
4,1,66,988,11092,1855,16183
4,1,61,776,47140,3658,41651
4,1,95,780,33130,4143,53857
4,1,68,936,15673,3040,28715
4,1,57,892,17734,3180,39392
4,1,50,808,45492,4410,39641
4,1,86,940,11802,2696,45823
4,1,72,856,31015,2881,36546
4,1,75,772,65556,5976,36079
4,1,81,708,68035,6382,40257
4,1,43,860,28055,3226,42072
4,1,88,844,21043,2638,52090
4,1,44,904,16894,2671,53165
4,1,10,876,31113,2918,40028
4,1,28,896,21381,1918,42245
4,1,17,756,35839,5530,48189
4,1,21,828,44915,3598,39362
4,1,19,804,62503,4764,36088
4,1,26,1008,2048,576,21926
4,1,45,836,33760,2587,41673
4,1,42,924,17404,2739,27075
4,1,89,956,14111,1368,39250
4,1,80,908,30348,2655,29931
4,1,74,780,33853,2561,64687
4,1,73,952,15733,1995,28103
4,1,87,864,25816,4179,35478
4,1,18,820,42808,3342,37143
4,1,27,952,13176,2604,23261
4,1,20,952,13819,2852,22985
4,1,29,844,39472,4335,31588
4,1,16,716,71354,5628,32350
4,1,11,900,28072,2254,36770
4,1,6,992,9040,1394,22906
4,1,1,676,56834,4855,52163
4,1,8,664,46378,4787,66383
4,1,9,884,23072,3529,28001
4,1,7,692,79109,6325,37361
