0.0001,1e-05,2
5e-05,1e-05,2
1e-05,1e-05,2
5e-06,1e-05,2
1e-06,1e-05,2
5e-07,1e-05,2
1e-07,1e-05,1
5e-08,1e-05,1
1e-08,1e-05,1
5e-09,1e-05,1
1e-09,1e-05,1
5e-10,1e-05,1
1e-10,1e-05,1
5e-11,1e-05,1
1e-11,1e-05,1
5e-12,1e-05,1
1e-12,1e-05,1
5e-13,1e-05,1
1e-13,1e-05,1
5e-14,1e-05,1
1e-14,1e-05,1
5e-15,1e-05,1
1e-15,1e-05,1
5e-16,1e-05,1
1e-16,1e-05,1
0.0001,1.1233e-05,2
5e-05,1.1233e-05,2
1e-05,1.1233e-05,2
5e-06,1.1233e-05,2
1e-06,1.1233e-05,2
5e-07,1.1233e-05,2
1e-07,1.1233e-05,1
5e-08,1.1233e-05,1
1e-08,1.1233e-05,1
5e-09,1.1233e-05,1
1e-09,1.1233e-05,1
5e-10,1.1233e-05,1
1e-10,1.1233e-05,1
5e-11,1.1233e-05,1
1e-11,1.1233e-05,1
5e-12,1.1233e-05,1
1e-12,1.1233e-05,1
5e-13,1.1233e-05,1
1e-13,1.1233e-05,1
5e-14,1.1233e-05,1
1e-14,1.1233e-05,1
5e-15,1.1233e-05,1
1e-15,1.1233e-05,1
5e-16,1.1233e-05,1
1e-16,1.1233e-05,1
0.0001,1.2619e-05,2
5e-05,1.2619e-05,2
1e-05,1.2619e-05,2
5e-06,1.2619e-05,2
1e-06,1.2619e-05,2
5e-07,1.2619e-05,2
1e-07,1.2619e-05,1
5e-08,1.2619e-05,1
1e-08,1.2619e-05,1
5e-09,1.2619e-05,1
1e-09,1.2619e-05,1
5e-10,1.2619e-05,1
1e-10,1.2619e-05,1
5e-11,1.2619e-05,1
1e-11,1.2619e-05,1
5e-12,1.2619e-05,1
1e-12,1.2619e-05,1
5e-13,1.2619e-05,1
1e-13,1.2619e-05,1
5e-14,1.2619e-05,1
1e-14,1.2619e-05,1
5e-15,1.2619e-05,1
1e-15,1.2619e-05,1
5e-16,1.2619e-05,1
1e-16,1.2619e-05,1
0.0001,1.4175e-05,2
5e-05,1.4175e-05,2
1e-05,1.4175e-05,2
5e-06,1.4175e-05,2
1e-06,1.4175e-05,2
5e-07,1.4175e-05,2
1e-07,1.4175e-05,1
5e-08,1.4175e-05,1
1e-08,1.4175e-05,1
5e-09,1.4175e-05,1
1e-09,1.4175e-05,1
5e-10,1.4175e-05,1
1e-10,1.4175e-05,1
5e-11,1.4175e-05,1
1e-11,1.4175e-05,1
5e-12,1.4175e-05,1
1e-12,1.4175e-05,1
5e-13,1.4175e-05,1
1e-13,1.4175e-05,1
5e-14,1.4175e-05,1
1e-14,1.4175e-05,1
5e-15,1.4175e-05,1
1e-15,1.4175e-05,1
5e-16,1.4175e-05,1
1e-16,1.4175e-05,1
0.0001,1.5923e-05,2
5e-05,1.5923e-05,2
1e-05,1.5923e-05,2
5e-06,1.5923e-05,2
1e-06,1.5923e-05,2
5e-07,1.5923e-05,2
1e-07,1.5923e-05,1
5e-08,1.5923e-05,1
1e-08,1.5923e-05,1
5e-09,1.5923e-05,1
1e-09,1.5923e-05,1
5e-10,1.5923e-05,1
1e-10,1.5923e-05,1
5e-11,1.5923e-05,1
1e-11,1.5923e-05,1
5e-12,1.5923e-05,1
1e-12,1.5923e-05,1
5e-13,1.5923e-05,1
1e-13,1.5923e-05,1
5e-14,1.5923e-05,1
1e-14,1.5923e-05,1
5e-15,1.5923e-05,1
1e-15,1.5923e-05,1
5e-16,1.5923e-05,1
1e-16,1.5923e-05,1
0.0001,1.7886e-05,2
5e-05,1.7886e-05,2
1e-05,1.7886e-05,2
5e-06,1.7886e-05,2
1e-06,1.7886e-05,2
5e-07,1.7886e-05,2
1e-07,1.7886e-05,1
5e-08,1.7886e-05,1
1e-08,1.7886e-05,1
5e-09,1.7886e-05,1
1e-09,1.7886e-05,1
5e-10,1.7886e-05,1
1e-10,1.7886e-05,1
5e-11,1.7886e-05,1
1e-11,1.7886e-05,1
5e-12,1.7886e-05,1
1e-12,1.7886e-05,1
5e-13,1.7886e-05,1
1e-13,1.7886e-05,1
5e-14,1.7886e-05,1
1e-14,1.7886e-05,1
5e-15,1.7886e-05,1
1e-15,1.7886e-05,1
5e-16,1.7886e-05,1
1e-16,1.7886e-05,1
0.0001,2.0092e-05,2
5e-05,2.0092e-05,2
1e-05,2.0092e-05,2
5e-06,2.0092e-05,2
1e-06,2.0092e-05,2
5e-07,2.0092e-05,2
1e-07,2.0092e-05,1
5e-08,2.0092e-05,1
1e-08,2.0092e-05,1
5e-09,2.0092e-05,1
1e-09,2.0092e-05,1
5e-10,2.0092e-05,1
1e-10,2.0092e-05,1
5e-11,2.0092e-05,1
1e-11,2.0092e-05,1
5e-12,2.0092e-05,1
1e-12,2.0092e-05,1
5e-13,2.0092e-05,1
1e-13,2.0092e-05,1
5e-14,2.0092e-05,1
1e-14,2.0092e-05,1
5e-15,2.0092e-05,1
1e-15,2.0092e-05,1
5e-16,2.0092e-05,1
1e-16,2.0092e-05,1
0.0001,2.257e-05,2
5e-05,2.257e-05,2
1e-05,2.257e-05,2
5e-06,2.257e-05,2
1e-06,2.257e-05,2
5e-07,2.257e-05,2
1e-07,2.257e-05,1
5e-08,2.257e-05,1
1e-08,2.257e-05,1
5e-09,2.257e-05,1
1e-09,2.257e-05,1
5e-10,2.257e-05,1
1e-10,2.257e-05,1
5e-11,2.257e-05,1
1e-11,2.257e-05,1
5e-12,2.257e-05,1
1e-12,2.257e-05,1
5e-13,2.257e-05,1
1e-13,2.257e-05,1
5e-14,2.257e-05,1
1e-14,2.257e-05,1
5e-15,2.257e-05,1
1e-15,2.257e-05,1
5e-16,2.257e-05,1
1e-16,2.257e-05,1
0.0001,2.5354e-05,2
5e-05,2.5354e-05,2
1e-05,2.5354e-05,2
5e-06,2.5354e-05,2
1e-06,2.5354e-05,2
5e-07,2.5354e-05,2
1e-07,2.5354e-05,1
5e-08,2.5354e-05,1
1e-08,2.5354e-05,1
5e-09,2.5354e-05,1
1e-09,2.5354e-05,1
5e-10,2.5354e-05,1
1e-10,2.5354e-05,1
5e-11,2.5354e-05,1
1e-11,2.5354e-05,1
5e-12,2.5354e-05,1
1e-12,2.5354e-05,1
5e-13,2.5354e-05,1
1e-13,2.5354e-05,1
5e-14,2.5354e-05,1
1e-14,2.5354e-05,1
5e-15,2.5354e-05,1
1e-15,2.5354e-05,1
5e-16,2.5354e-05,1
1e-16,2.5354e-05,1
0.0001,2.848e-05,2
5e-05,2.848e-05,2
1e-05,2.848e-05,2
5e-06,2.848e-05,2
1e-06,2.848e-05,2
5e-07,2.848e-05,2
1e-07,2.848e-05,1
5e-08,2.848e-05,1
1e-08,2.848e-05,1
5e-09,2.848e-05,1
1e-09,2.848e-05,1
5e-10,2.848e-05,1
1e-10,2.848e-05,1
5e-11,2.848e-05,1
1e-11,2.848e-05,1
5e-12,2.848e-05,1
1e-12,2.848e-05,1
5e-13,2.848e-05,1
1e-13,2.848e-05,1
5e-14,2.848e-05,1
1e-14,2.848e-05,1
5e-15,2.848e-05,1
1e-15,2.848e-05,1
5e-16,2.848e-05,1
1e-16,2.848e-05,1
0.0001,3.1993e-05,2
5e-05,3.1993e-05,2
1e-05,3.1993e-05,2
5e-06,3.1993e-05,2
1e-06,3.1993e-05,2
5e-07,3.1993e-05,2
1e-07,3.1993e-05,1
5e-08,3.1993e-05,1
1e-08,3.1993e-05,1
5e-09,3.1993e-05,1
1e-09,3.1993e-05,1
5e-10,3.1993e-05,1
1e-10,3.1993e-05,1
5e-11,3.1993e-05,1
1e-11,3.1993e-05,1
5e-12,3.1993e-05,1
1e-12,3.1993e-05,1
5e-13,3.1993e-05,1
1e-13,3.1993e-05,1
5e-14,3.1993e-05,1
1e-14,3.1993e-05,1
5e-15,3.1993e-05,1
1e-15,3.1993e-05,1
5e-16,3.1993e-05,1
1e-16,3.1993e-05,1
0.0001,3.5938e-05,2
5e-05,3.5938e-05,2
1e-05,3.5938e-05,2
5e-06,3.5938e-05,2
1e-06,3.5938e-05,2
5e-07,3.5938e-05,2
1e-07,3.5938e-05,1
5e-08,3.5938e-05,1
1e-08,3.5938e-05,1
5e-09,3.5938e-05,1
1e-09,3.5938e-05,1
5e-10,3.5938e-05,1
1e-10,3.5938e-05,1
5e-11,3.5938e-05,1
1e-11,3.5938e-05,1
5e-12,3.5938e-05,1
1e-12,3.5938e-05,1
5e-13,3.5938e-05,1
1e-13,3.5938e-05,1
5e-14,3.5938e-05,1
1e-14,3.5938e-05,1
5e-15,3.5938e-05,1
1e-15,3.5938e-05,1
5e-16,3.5938e-05,1
1e-16,3.5938e-05,1
0.0001,4.037e-05,2
5e-05,4.037e-05,2
1e-05,4.037e-05,2
5e-06,4.037e-05,2
1e-06,4.037e-05,2
5e-07,4.037e-05,2
1e-07,4.037e-05,1
5e-08,4.037e-05,1
1e-08,4.037e-05,1
5e-09,4.037e-05,1
1e-09,4.037e-05,1
5e-10,4.037e-05,1
1e-10,4.037e-05,1
5e-11,4.037e-05,1
1e-11,4.037e-05,1
5e-12,4.037e-05,1
1e-12,4.037e-05,1
5e-13,4.037e-05,1
1e-13,4.037e-05,1
5e-14,4.037e-05,1
1e-14,4.037e-05,1
5e-15,4.037e-05,1
1e-15,4.037e-05,1
5e-16,4.037e-05,1
1e-16,4.037e-05,1
0.0001,4.5349e-05,2
5e-05,4.5349e-05,2
1e-05,4.5349e-05,2
5e-06,4.5349e-05,2
1e-06,4.5349e-05,2
5e-07,4.5349e-05,2
1e-07,4.5349e-05,1
5e-08,4.5349e-05,1
1e-08,4.5349e-05,1
5e-09,4.5349e-05,1
1e-09,4.5349e-05,1
5e-10,4.5349e-05,1
1e-10,4.5349e-05,1
5e-11,4.5349e-05,1
1e-11,4.5349e-05,1
5e-12,4.5349e-05,1
1e-12,4.5349e-05,1
5e-13,4.5349e-05,1
1e-13,4.5349e-05,1
5e-14,4.5349e-05,1
1e-14,4.5349e-05,1
5e-15,4.5349e-05,1
1e-15,4.5349e-05,1
5e-16,4.5349e-05,1
1e-16,4.5349e-05,1
0.0001,5.0941e-05,2
5e-05,5.0941e-05,2
1e-05,5.0941e-05,2
5e-06,5.0941e-05,2
1e-06,5.0941e-05,2
5e-07,5.0941e-05,2
1e-07,5.0941e-05,1
5e-08,5.0941e-05,1
1e-08,5.0941e-05,1
5e-09,5.0941e-05,1
1e-09,5.0941e-05,1
5e-10,5.0941e-05,1
1e-10,5.0941e-05,1
5e-11,5.0941e-05,1
1e-11,5.0941e-05,1
5e-12,5.0941e-05,1
1e-12,5.0941e-05,1
5e-13,5.0941e-05,1
1e-13,5.0941e-05,1
5e-14,5.0941e-05,1
1e-14,5.0941e-05,1
5e-15,5.0941e-05,1
1e-15,5.0941e-05,1
5e-16,5.0941e-05,1
1e-16,5.0941e-05,1
0.0001,5.7224e-05,2
5e-05,5.7224e-05,2
1e-05,5.7224e-05,2
5e-06,5.7224e-05,2
1e-06,5.7224e-05,2
5e-07,5.7224e-05,2
1e-07,5.7224e-05,1
5e-08,5.7224e-05,1
1e-08,5.7224e-05,1
5e-09,5.7224e-05,1
1e-09,5.7224e-05,1
5e-10,5.7224e-05,1
1e-10,5.7224e-05,1
5e-11,5.7224e-05,1
1e-11,5.7224e-05,1
5e-12,5.7224e-05,1
1e-12,5.7224e-05,1
5e-13,5.7224e-05,1
1e-13,5.7224e-05,1
5e-14,5.7224e-05,1
1e-14,5.7224e-05,1
5e-15,5.7224e-05,1
1e-15,5.7224e-05,1
5e-16,5.7224e-05,1
1e-16,5.7224e-05,1
0.0001,6.4281e-05,2
5e-05,6.4281e-05,2
1e-05,6.4281e-05,2
5e-06,6.4281e-05,2
1e-06,6.4281e-05,2
5e-07,6.4281e-05,2
1e-07,6.4281e-05,1
5e-08,6.4281e-05,1
1e-08,6.4281e-05,1
5e-09,6.4281e-05,1
1e-09,6.4281e-05,1
5e-10,6.4281e-05,1
1e-10,6.4281e-05,1
5e-11,6.4281e-05,1
1e-11,6.4281e-05,1
5e-12,6.4281e-05,1
1e-12,6.4281e-05,1
5e-13,6.4281e-05,1
1e-13,6.4281e-05,1
5e-14,6.4281e-05,1
1e-14,6.4281e-05,1
5e-15,6.4281e-05,1
1e-15,6.4281e-05,1
5e-16,6.4281e-05,1
1e-16,6.4281e-05,1
0.0001,7.2208e-05,2
5e-05,7.2208e-05,2
1e-05,7.2208e-05,2
5e-06,7.2208e-05,2
1e-06,7.2208e-05,2
5e-07,7.2208e-05,2
1e-07,7.2208e-05,1
5e-08,7.2208e-05,1
1e-08,7.2208e-05,1
5e-09,7.2208e-05,1
1e-09,7.2208e-05,1
5e-10,7.2208e-05,1
1e-10,7.2208e-05,1
5e-11,7.2208e-05,1
1e-11,7.2208e-05,1
5e-12,7.2208e-05,1
1e-12,7.2208e-05,1
5e-13,7.2208e-05,1
1e-13,7.2208e-05,1
5e-14,7.2208e-05,1
1e-14,7.2208e-05,1
5e-15,7.2208e-05,1
1e-15,7.2208e-05,1
5e-16,7.2208e-05,1
1e-16,7.2208e-05,1
0.0001,8.1113e-05,2
5e-05,8.1113e-05,2
1e-05,8.1113e-05,2
5e-06,8.1113e-05,2
1e-06,8.1113e-05,2
5e-07,8.1113e-05,2
1e-07,8.1113e-05,1
5e-08,8.1113e-05,1
1e-08,8.1113e-05,1
5e-09,8.1113e-05,1
1e-09,8.1113e-05,1
5e-10,8.1113e-05,1
1e-10,8.1113e-05,1
5e-11,8.1113e-05,1
1e-11,8.1113e-05,1
5e-12,8.1113e-05,1
1e-12,8.1113e-05,1
5e-13,8.1113e-05,1
1e-13,8.1113e-05,1
5e-14,8.1113e-05,1
1e-14,8.1113e-05,1
5e-15,8.1113e-05,1
1e-15,8.1113e-05,1
5e-16,8.1113e-05,1
1e-16,8.1113e-05,1
0.0001,9.1116e-05,2
5e-05,9.1116e-05,2
1e-05,9.1116e-05,2
5e-06,9.1116e-05,2
1e-06,9.1116e-05,2
5e-07,9.1116e-05,2
1e-07,9.1116e-05,1
5e-08,9.1116e-05,1
1e-08,9.1116e-05,1
5e-09,9.1116e-05,1
1e-09,9.1116e-05,1
5e-10,9.1116e-05,1
1e-10,9.1116e-05,1
5e-11,9.1116e-05,1
1e-11,9.1116e-05,1
5e-12,9.1116e-05,1
1e-12,9.1116e-05,1
5e-13,9.1116e-05,1
1e-13,9.1116e-05,1
5e-14,9.1116e-05,1
1e-14,9.1116e-05,1
5e-15,9.1116e-05,1
1e-15,9.1116e-05,1
5e-16,9.1116e-05,1
1e-16,9.1116e-05,1
0.0001,0.00010235,2
5e-05,0.00010235,2
1e-05,0.00010235,2
5e-06,0.00010235,2
1e-06,0.00010235,2
5e-07,0.00010235,2
1e-07,0.00010235,1
5e-08,0.00010235,1
1e-08,0.00010235,1
5e-09,0.00010235,1
1e-09,0.00010235,1
5e-10,0.00010235,1
1e-10,0.00010235,1
5e-11,0.00010235,1
1e-11,0.00010235,1
5e-12,0.00010235,1
1e-12,0.00010235,1
5e-13,0.00010235,1
1e-13,0.00010235,1
5e-14,0.00010235,1
1e-14,0.00010235,1
5e-15,0.00010235,1
1e-15,0.00010235,1
5e-16,0.00010235,1
1e-16,0.00010235,1
0.0001,0.00011498,2
5e-05,0.00011498,2
1e-05,0.00011498,2
5e-06,0.00011498,2
1e-06,0.00011498,2
5e-07,0.00011498,2
1e-07,0.00011498,1
5e-08,0.00011498,1
1e-08,0.00011498,1
5e-09,0.00011498,1
1e-09,0.00011498,1
5e-10,0.00011498,1
1e-10,0.00011498,1
5e-11,0.00011498,1
1e-11,0.00011498,1
5e-12,0.00011498,1
1e-12,0.00011498,1
5e-13,0.00011498,1
1e-13,0.00011498,1
5e-14,0.00011498,1
1e-14,0.00011498,1
5e-15,0.00011498,1
1e-15,0.00011498,1
5e-16,0.00011498,1
1e-16,0.00011498,1
0.0001,0.00012915,2
5e-05,0.00012915,2
1e-05,0.00012915,2
5e-06,0.00012915,2
1e-06,0.00012915,2
5e-07,0.00012915,2
1e-07,0.00012915,1
5e-08,0.00012915,1
1e-08,0.00012915,1
5e-09,0.00012915,1
1e-09,0.00012915,1
5e-10,0.00012915,1
1e-10,0.00012915,1
5e-11,0.00012915,1
1e-11,0.00012915,1
5e-12,0.00012915,1
1e-12,0.00012915,1
5e-13,0.00012915,1
1e-13,0.00012915,1
5e-14,0.00012915,1
1e-14,0.00012915,1
5e-15,0.00012915,1
1e-15,0.00012915,1
5e-16,0.00012915,1
1e-16,0.00012915,1
0.0001,0.00014508,2
5e-05,0.00014508,2
1e-05,0.00014508,2
5e-06,0.00014508,2
1e-06,0.00014508,2
5e-07,0.00014508,2
1e-07,0.00014508,1
5e-08,0.00014508,1
1e-08,0.00014508,1
5e-09,0.00014508,1
1e-09,0.00014508,1
5e-10,0.00014508,1
1e-10,0.00014508,1
5e-11,0.00014508,1
1e-11,0.00014508,1
5e-12,0.00014508,1
1e-12,0.00014508,1
5e-13,0.00014508,1
1e-13,0.00014508,1
5e-14,0.00014508,1
1e-14,0.00014508,1
5e-15,0.00014508,1
1e-15,0.00014508,1
5e-16,0.00014508,1
1e-16,0.00014508,1
0.0001,0.00016298,2
5e-05,0.00016298,2
1e-05,0.00016298,2
5e-06,0.00016298,2
1e-06,0.00016298,2
5e-07,0.00016298,2
1e-07,0.00016298,1
5e-08,0.00016298,1
1e-08,0.00016298,1
5e-09,0.00016298,1
1e-09,0.00016298,1
5e-10,0.00016298,1
1e-10,0.00016298,1
5e-11,0.00016298,1
1e-11,0.00016298,1
5e-12,0.00016298,1
1e-12,0.00016298,1
5e-13,0.00016298,1
1e-13,0.00016298,1
5e-14,0.00016298,1
1e-14,0.00016298,1
5e-15,0.00016298,1
1e-15,0.00016298,1
5e-16,0.00016298,1
1e-16,0.00016298,1
0.0001,0.00018307,2
5e-05,0.00018307,2
1e-05,0.00018307,2
5e-06,0.00018307,2
1e-06,0.00018307,2
5e-07,0.00018307,2
1e-07,0.00018307,1
5e-08,0.00018307,1
1e-08,0.00018307,1
5e-09,0.00018307,1
1e-09,0.00018307,1
5e-10,0.00018307,1
1e-10,0.00018307,1
5e-11,0.00018307,1
1e-11,0.00018307,1
5e-12,0.00018307,1
1e-12,0.00018307,1
5e-13,0.00018307,1
1e-13,0.00018307,1
5e-14,0.00018307,1
1e-14,0.00018307,1
5e-15,0.00018307,1
1e-15,0.00018307,1
5e-16,0.00018307,1
1e-16,0.00018307,1
0.0001,0.00020565,2
5e-05,0.00020565,2
1e-05,0.00020565,2
5e-06,0.00020565,2
1e-06,0.00020565,2
5e-07,0.00020565,2
1e-07,0.00020565,1
5e-08,0.00020565,1
1e-08,0.00020565,1
5e-09,0.00020565,1
1e-09,0.00020565,1
5e-10,0.00020565,1
1e-10,0.00020565,1
5e-11,0.00020565,1
1e-11,0.00020565,1
5e-12,0.00020565,1
1e-12,0.00020565,1
5e-13,0.00020565,1
1e-13,0.00020565,1
5e-14,0.00020565,1
1e-14,0.00020565,1
5e-15,0.00020565,1
1e-15,0.00020565,1
5e-16,0.00020565,1
1e-16,0.00020565,1
0.0001,0.00023101,2
5e-05,0.00023101,2
1e-05,0.00023101,2
5e-06,0.00023101,2
1e-06,0.00023101,2
5e-07,0.00023101,2
1e-07,0.00023101,1
5e-08,0.00023101,1
1e-08,0.00023101,1
5e-09,0.00023101,1
1e-09,0.00023101,1
5e-10,0.00023101,1
1e-10,0.00023101,1
5e-11,0.00023101,1
1e-11,0.00023101,1
5e-12,0.00023101,1
1e-12,0.00023101,1
5e-13,0.00023101,1
1e-13,0.00023101,1
5e-14,0.00023101,1
1e-14,0.00023101,1
5e-15,0.00023101,1
1e-15,0.00023101,1
5e-16,0.00023101,1
1e-16,0.00023101,1
0.0001,0.0002595,2
5e-05,0.0002595,2
1e-05,0.0002595,2
5e-06,0.0002595,2
1e-06,0.0002595,2
5e-07,0.0002595,2
1e-07,0.0002595,1
5e-08,0.0002595,1
1e-08,0.0002595,1
5e-09,0.0002595,1
1e-09,0.0002595,1
5e-10,0.0002595,1
1e-10,0.0002595,1
5e-11,0.0002595,1
1e-11,0.0002595,1
5e-12,0.0002595,1
1e-12,0.0002595,1
5e-13,0.0002595,1
1e-13,0.0002595,1
5e-14,0.0002595,1
1e-14,0.0002595,1
5e-15,0.0002595,1
1e-15,0.0002595,1
5e-16,0.0002595,1
1e-16,0.0002595,1
0.0001,0.00029151,2
5e-05,0.00029151,2
1e-05,0.00029151,2
5e-06,0.00029151,2
1e-06,0.00029151,2
5e-07,0.00029151,2
1e-07,0.00029151,1
5e-08,0.00029151,1
1e-08,0.00029151,1
5e-09,0.00029151,1
1e-09,0.00029151,1
5e-10,0.00029151,1
1e-10,0.00029151,1
5e-11,0.00029151,1
1e-11,0.00029151,1
5e-12,0.00029151,1
1e-12,0.00029151,1
5e-13,0.00029151,1
1e-13,0.00029151,1
5e-14,0.00029151,1
1e-14,0.00029151,1
5e-15,0.00029151,1
1e-15,0.00029151,1
5e-16,0.00029151,1
1e-16,0.00029151,1
0.0001,0.00032745,2
5e-05,0.00032745,2
1e-05,0.00032745,2
5e-06,0.00032745,2
1e-06,0.00032745,2
5e-07,0.00032745,2
1e-07,0.00032745,1
5e-08,0.00032745,1
1e-08,0.00032745,1
5e-09,0.00032745,1
1e-09,0.00032745,1
5e-10,0.00032745,1
1e-10,0.00032745,1
5e-11,0.00032745,1
1e-11,0.00032745,1
5e-12,0.00032745,1
1e-12,0.00032745,1
5e-13,0.00032745,1
1e-13,0.00032745,1
5e-14,0.00032745,1
1e-14,0.00032745,1
5e-15,0.00032745,1
1e-15,0.00032745,1
5e-16,0.00032745,1
1e-16,0.00032745,1
0.0001,0.00036784,2
5e-05,0.00036784,2
1e-05,0.00036784,2
5e-06,0.00036784,2
1e-06,0.00036784,2
5e-07,0.00036784,2
1e-07,0.00036784,1
5e-08,0.00036784,1
1e-08,0.00036784,1
5e-09,0.00036784,1
1e-09,0.00036784,1
5e-10,0.00036784,1
1e-10,0.00036784,1
5e-11,0.00036784,1
1e-11,0.00036784,1
5e-12,0.00036784,1
1e-12,0.00036784,1
5e-13,0.00036784,1
1e-13,0.00036784,1
5e-14,0.00036784,1
1e-14,0.00036784,1
5e-15,0.00036784,1
1e-15,0.00036784,1
5e-16,0.00036784,1
1e-16,0.00036784,1
0.0001,0.0004132,2
5e-05,0.0004132,2
1e-05,0.0004132,2
5e-06,0.0004132,2
1e-06,0.0004132,2
5e-07,0.0004132,2
1e-07,0.0004132,1
5e-08,0.0004132,1
1e-08,0.0004132,1
5e-09,0.0004132,1
1e-09,0.0004132,1
5e-10,0.0004132,1
1e-10,0.0004132,1
5e-11,0.0004132,1
1e-11,0.0004132,1
5e-12,0.0004132,1
1e-12,0.0004132,1
5e-13,0.0004132,1
1e-13,0.0004132,1
5e-14,0.0004132,1
1e-14,0.0004132,1
5e-15,0.0004132,1
1e-15,0.0004132,1
5e-16,0.0004132,1
1e-16,0.0004132,1
0.0001,0.00046416,2
5e-05,0.00046416,2
1e-05,0.00046416,2
5e-06,0.00046416,2
1e-06,0.00046416,2
5e-07,0.00046416,2
1e-07,0.00046416,1
5e-08,0.00046416,1
1e-08,0.00046416,1
5e-09,0.00046416,1
1e-09,0.00046416,1
5e-10,0.00046416,1
1e-10,0.00046416,1
5e-11,0.00046416,1
1e-11,0.00046416,1
5e-12,0.00046416,1
1e-12,0.00046416,1
5e-13,0.00046416,1
1e-13,0.00046416,1
5e-14,0.00046416,1
1e-14,0.00046416,1
5e-15,0.00046416,1
1e-15,0.00046416,1
5e-16,0.00046416,1
1e-16,0.00046416,1
0.0001,0.0005214,2
5e-05,0.0005214,2
1e-05,0.0005214,2
5e-06,0.0005214,2
1e-06,0.0005214,2
5e-07,0.0005214,2
1e-07,0.0005214,1
5e-08,0.0005214,1
1e-08,0.0005214,1
5e-09,0.0005214,1
1e-09,0.0005214,1
5e-10,0.0005214,1
1e-10,0.0005214,1
5e-11,0.0005214,1
1e-11,0.0005214,1
5e-12,0.0005214,1
1e-12,0.0005214,1
5e-13,0.0005214,1
1e-13,0.0005214,1
5e-14,0.0005214,1
1e-14,0.0005214,1
5e-15,0.0005214,1
1e-15,0.0005214,1
5e-16,0.0005214,1
1e-16,0.0005214,1
0.0001,0.0005857,2
5e-05,0.0005857,2
1e-05,0.0005857,2
5e-06,0.0005857,2
1e-06,0.0005857,2
5e-07,0.0005857,2
1e-07,0.0005857,1
5e-08,0.0005857,1
1e-08,0.0005857,1
5e-09,0.0005857,1
1e-09,0.0005857,1
5e-10,0.0005857,1
1e-10,0.0005857,1
5e-11,0.0005857,1
1e-11,0.0005857,1
5e-12,0.0005857,1
1e-12,0.0005857,1
5e-13,0.0005857,1
1e-13,0.0005857,1
5e-14,0.0005857,1
1e-14,0.0005857,1
5e-15,0.0005857,1
1e-15,0.0005857,1
5e-16,0.0005857,1
1e-16,0.0005857,1
0.0001,0.00065793,2
5e-05,0.00065793,2
1e-05,0.00065793,2
5e-06,0.00065793,2
1e-06,0.00065793,2
5e-07,0.00065793,2
1e-07,0.00065793,1
5e-08,0.00065793,1
1e-08,0.00065793,1
5e-09,0.00065793,1
1e-09,0.00065793,1
5e-10,0.00065793,1
1e-10,0.00065793,1
5e-11,0.00065793,1
1e-11,0.00065793,1
5e-12,0.00065793,1
1e-12,0.00065793,1
5e-13,0.00065793,1
1e-13,0.00065793,1
5e-14,0.00065793,1
1e-14,0.00065793,1
5e-15,0.00065793,1
1e-15,0.00065793,1
5e-16,0.00065793,1
1e-16,0.00065793,1
0.0001,0.00073907,2
5e-05,0.00073907,2
1e-05,0.00073907,2
5e-06,0.00073907,2
1e-06,0.00073907,2
5e-07,0.00073907,2
1e-07,0.00073907,1
5e-08,0.00073907,1
1e-08,0.00073907,1
5e-09,0.00073907,1
1e-09,0.00073907,1
5e-10,0.00073907,1
1e-10,0.00073907,1
5e-11,0.00073907,1
1e-11,0.00073907,1
5e-12,0.00073907,1
1e-12,0.00073907,1
5e-13,0.00073907,1
1e-13,0.00073907,1
5e-14,0.00073907,1
1e-14,0.00073907,1
5e-15,0.00073907,1
1e-15,0.00073907,1
5e-16,0.00073907,1
1e-16,0.00073907,1
0.0001,0.00083022,2
5e-05,0.00083022,2
1e-05,0.00083022,2
5e-06,0.00083022,2
1e-06,0.00083022,2
5e-07,0.00083022,2
1e-07,0.00083022,1
5e-08,0.00083022,1
1e-08,0.00083022,1
5e-09,0.00083022,1
1e-09,0.00083022,1
5e-10,0.00083022,1
1e-10,0.00083022,1
5e-11,0.00083022,1
1e-11,0.00083022,1
5e-12,0.00083022,1
1e-12,0.00083022,1
5e-13,0.00083022,1
1e-13,0.00083022,1
5e-14,0.00083022,1
1e-14,0.00083022,1
5e-15,0.00083022,1
1e-15,0.00083022,1
5e-16,0.00083022,1
1e-16,0.00083022,1
0.0001,0.0009326,2
5e-05,0.0009326,2
1e-05,0.0009326,2
5e-06,0.0009326,2
1e-06,0.0009326,2
5e-07,0.0009326,2
1e-07,0.0009326,1
5e-08,0.0009326,1
1e-08,0.0009326,1
5e-09,0.0009326,1
1e-09,0.0009326,1
5e-10,0.0009326,1
1e-10,0.0009326,1
5e-11,0.0009326,1
1e-11,0.0009326,1
5e-12,0.0009326,1
1e-12,0.0009326,1
5e-13,0.0009326,1
1e-13,0.0009326,1
5e-14,0.0009326,1
1e-14,0.0009326,1
5e-15,0.0009326,1
1e-15,0.0009326,1
5e-16,0.0009326,1
1e-16,0.0009326,1
0.0001,0.0010476,2
5e-05,0.0010476,2
1e-05,0.0010476,2
5e-06,0.0010476,2
1e-06,0.0010476,2
5e-07,0.0010476,2
1e-07,0.0010476,1
5e-08,0.0010476,1
1e-08,0.0010476,1
5e-09,0.0010476,1
1e-09,0.0010476,1
5e-10,0.0010476,1
1e-10,0.0010476,1
5e-11,0.0010476,1
1e-11,0.0010476,1
5e-12,0.0010476,1
1e-12,0.0010476,1
5e-13,0.0010476,1
1e-13,0.0010476,1
5e-14,0.0010476,1
1e-14,0.0010476,1
5e-15,0.0010476,1
1e-15,0.0010476,1
5e-16,0.0010476,1
1e-16,0.0010476,1
0.0001,0.0011768,2
5e-05,0.0011768,2
1e-05,0.0011768,2
5e-06,0.0011768,2
1e-06,0.0011768,2
5e-07,0.0011768,2
1e-07,0.0011768,1
5e-08,0.0011768,1
1e-08,0.0011768,1
5e-09,0.0011768,1
1e-09,0.0011768,1
5e-10,0.0011768,1
1e-10,0.0011768,1
5e-11,0.0011768,1
1e-11,0.0011768,1
5e-12,0.0011768,1
1e-12,0.0011768,1
5e-13,0.0011768,1
1e-13,0.0011768,1
5e-14,0.0011768,1
1e-14,0.0011768,1
5e-15,0.0011768,1
1e-15,0.0011768,1
5e-16,0.0011768,1
1e-16,0.0011768,1
0.0001,0.0013219,2
5e-05,0.0013219,2
1e-05,0.0013219,2
5e-06,0.0013219,2
1e-06,0.0013219,2
5e-07,0.0013219,2
1e-07,0.0013219,1
5e-08,0.0013219,1
1e-08,0.0013219,1
5e-09,0.0013219,1
1e-09,0.0013219,1
5e-10,0.0013219,1
1e-10,0.0013219,1
5e-11,0.0013219,1
1e-11,0.0013219,1
5e-12,0.0013219,1
1e-12,0.0013219,1
5e-13,0.0013219,1
1e-13,0.0013219,1
5e-14,0.0013219,1
1e-14,0.0013219,1
5e-15,0.0013219,1
1e-15,0.0013219,1
5e-16,0.0013219,1
1e-16,0.0013219,1
0.0001,0.001485,2
5e-05,0.001485,2
1e-05,0.001485,2
5e-06,0.001485,2
1e-06,0.001485,2
5e-07,0.001485,2
1e-07,0.001485,1
5e-08,0.001485,1
1e-08,0.001485,1
5e-09,0.001485,1
1e-09,0.001485,1
5e-10,0.001485,1
1e-10,0.001485,1
5e-11,0.001485,1
1e-11,0.001485,1
5e-12,0.001485,1
1e-12,0.001485,1
5e-13,0.001485,1
1e-13,0.001485,1
5e-14,0.001485,1
1e-14,0.001485,1
5e-15,0.001485,1
1e-15,0.001485,1
5e-16,0.001485,1
1e-16,0.001485,1
0.0001,0.0016681,2
5e-05,0.0016681,2
1e-05,0.0016681,2
5e-06,0.0016681,2
1e-06,0.0016681,2
5e-07,0.0016681,2
1e-07,0.0016681,1
5e-08,0.0016681,1
1e-08,0.0016681,1
5e-09,0.0016681,1
1e-09,0.0016681,1
5e-10,0.0016681,1
1e-10,0.0016681,1
5e-11,0.0016681,1
1e-11,0.0016681,1
5e-12,0.0016681,1
1e-12,0.0016681,1
5e-13,0.0016681,1
1e-13,0.0016681,1
5e-14,0.0016681,1
1e-14,0.0016681,1
5e-15,0.0016681,1
1e-15,0.0016681,1
5e-16,0.0016681,1
1e-16,0.0016681,1
0.0001,0.0018738,2
5e-05,0.0018738,2
1e-05,0.0018738,2
5e-06,0.0018738,2
1e-06,0.0018738,2
5e-07,0.0018738,2
1e-07,0.0018738,1
5e-08,0.0018738,1
1e-08,0.0018738,1
5e-09,0.0018738,1
1e-09,0.0018738,1
5e-10,0.0018738,1
1e-10,0.0018738,1
5e-11,0.0018738,1
1e-11,0.0018738,1
5e-12,0.0018738,1
1e-12,0.0018738,1
5e-13,0.0018738,1
1e-13,0.0018738,1
5e-14,0.0018738,1
1e-14,0.0018738,1
5e-15,0.0018738,1
1e-15,0.0018738,1
5e-16,0.0018738,1
1e-16,0.0018738,1
0.0001,0.0021049,2
5e-05,0.0021049,2
1e-05,0.0021049,2
5e-06,0.0021049,2
1e-06,0.0021049,2
5e-07,0.0021049,2
1e-07,0.0021049,1
5e-08,0.0021049,1
1e-08,0.0021049,1
5e-09,0.0021049,1
1e-09,0.0021049,1
5e-10,0.0021049,1
1e-10,0.0021049,1
5e-11,0.0021049,1
1e-11,0.0021049,1
5e-12,0.0021049,1
1e-12,0.0021049,1
5e-13,0.0021049,1
1e-13,0.0021049,1
5e-14,0.0021049,1
1e-14,0.0021049,1
5e-15,0.0021049,1
1e-15,0.0021049,1
5e-16,0.0021049,1
1e-16,0.0021049,1
0.0001,0.0023645,2
5e-05,0.0023645,2
1e-05,0.0023645,2
5e-06,0.0023645,2
1e-06,0.0023645,2
5e-07,0.0023645,2
1e-07,0.0023645,1
5e-08,0.0023645,1
1e-08,0.0023645,1
5e-09,0.0023645,1
1e-09,0.0023645,1
5e-10,0.0023645,1
1e-10,0.0023645,1
5e-11,0.0023645,1
1e-11,0.0023645,1
5e-12,0.0023645,1
1e-12,0.0023645,1
5e-13,0.0023645,1
1e-13,0.0023645,1
5e-14,0.0023645,1
1e-14,0.0023645,1
5e-15,0.0023645,1
1e-15,0.0023645,1
5e-16,0.0023645,1
1e-16,0.0023645,1
0.0001,0.0026561,2
5e-05,0.0026561,2
1e-05,0.0026561,2
5e-06,0.0026561,2
1e-06,0.0026561,2
5e-07,0.0026561,2
1e-07,0.0026561,1
5e-08,0.0026561,1
1e-08,0.0026561,1
5e-09,0.0026561,1
1e-09,0.0026561,1
5e-10,0.0026561,1
1e-10,0.0026561,1
5e-11,0.0026561,1
1e-11,0.0026561,1
5e-12,0.0026561,1
1e-12,0.0026561,1
5e-13,0.0026561,1
1e-13,0.0026561,1
5e-14,0.0026561,1
1e-14,0.0026561,1
5e-15,0.0026561,1
1e-15,0.0026561,1
5e-16,0.0026561,1
1e-16,0.0026561,1
0.0001,0.0029836,2
5e-05,0.0029836,2
1e-05,0.0029836,2
5e-06,0.0029836,2
1e-06,0.0029836,2
5e-07,0.0029836,2
1e-07,0.0029836,1
5e-08,0.0029836,1
1e-08,0.0029836,1
5e-09,0.0029836,1
1e-09,0.0029836,1
5e-10,0.0029836,1
1e-10,0.0029836,1
5e-11,0.0029836,1
1e-11,0.0029836,1
5e-12,0.0029836,1
1e-12,0.0029836,1
5e-13,0.0029836,1
1e-13,0.0029836,1
5e-14,0.0029836,1
1e-14,0.0029836,1
5e-15,0.0029836,1
1e-15,0.0029836,1
5e-16,0.0029836,1
1e-16,0.0029836,1
0.0001,0.0033516,2
5e-05,0.0033516,2
1e-05,0.0033516,2
5e-06,0.0033516,2
1e-06,0.0033516,2
5e-07,0.0033516,2
1e-07,0.0033516,1
5e-08,0.0033516,1
1e-08,0.0033516,1
5e-09,0.0033516,1
1e-09,0.0033516,1
5e-10,0.0033516,1
1e-10,0.0033516,1
5e-11,0.0033516,1
1e-11,0.0033516,1
5e-12,0.0033516,1
1e-12,0.0033516,1
5e-13,0.0033516,1
1e-13,0.0033516,1
5e-14,0.0033516,1
1e-14,0.0033516,1
5e-15,0.0033516,1
1e-15,0.0033516,1
5e-16,0.0033516,1
1e-16,0.0033516,1
0.0001,0.0037649,2
5e-05,0.0037649,2
1e-05,0.0037649,2
5e-06,0.0037649,2
1e-06,0.0037649,2
5e-07,0.0037649,2
1e-07,0.0037649,1
5e-08,0.0037649,1
1e-08,0.0037649,1
5e-09,0.0037649,1
1e-09,0.0037649,1
5e-10,0.0037649,1
1e-10,0.0037649,1
5e-11,0.0037649,1
1e-11,0.0037649,1
5e-12,0.0037649,1
1e-12,0.0037649,1
5e-13,0.0037649,1
1e-13,0.0037649,1
5e-14,0.0037649,1
1e-14,0.0037649,1
5e-15,0.0037649,1
1e-15,0.0037649,1
5e-16,0.0037649,1
1e-16,0.0037649,1
0.0001,0.0042292,2
5e-05,0.0042292,2
1e-05,0.0042292,2
5e-06,0.0042292,2
1e-06,0.0042292,2
5e-07,0.0042292,2
1e-07,0.0042292,1
5e-08,0.0042292,1
1e-08,0.0042292,1
5e-09,0.0042292,1
1e-09,0.0042292,1
5e-10,0.0042292,1
1e-10,0.0042292,1
5e-11,0.0042292,1
1e-11,0.0042292,1
5e-12,0.0042292,1
1e-12,0.0042292,1
5e-13,0.0042292,1
1e-13,0.0042292,1
5e-14,0.0042292,1
1e-14,0.0042292,1
5e-15,0.0042292,1
1e-15,0.0042292,1
5e-16,0.0042292,1
1e-16,0.0042292,1
0.0001,0.0047508,2
5e-05,0.0047508,2
1e-05,0.0047508,2
5e-06,0.0047508,2
1e-06,0.0047508,2
5e-07,0.0047508,2
1e-07,0.0047508,1
5e-08,0.0047508,1
1e-08,0.0047508,1
5e-09,0.0047508,1
1e-09,0.0047508,1
5e-10,0.0047508,1
1e-10,0.0047508,1
5e-11,0.0047508,1
1e-11,0.0047508,1
5e-12,0.0047508,1
1e-12,0.0047508,1
5e-13,0.0047508,1
1e-13,0.0047508,1
5e-14,0.0047508,1
1e-14,0.0047508,1
5e-15,0.0047508,1
1e-15,0.0047508,1
5e-16,0.0047508,1
1e-16,0.0047508,1
0.0001,0.0053367,2
5e-05,0.0053367,2
1e-05,0.0053367,2
5e-06,0.0053367,2
1e-06,0.0053367,2
5e-07,0.0053367,2
1e-07,0.0053367,1
5e-08,0.0053367,1
1e-08,0.0053367,1
5e-09,0.0053367,1
1e-09,0.0053367,1
5e-10,0.0053367,1
1e-10,0.0053367,1
5e-11,0.0053367,1
1e-11,0.0053367,1
5e-12,0.0053367,1
1e-12,0.0053367,1
5e-13,0.0053367,1
1e-13,0.0053367,1
5e-14,0.0053367,1
1e-14,0.0053367,1
5e-15,0.0053367,1
1e-15,0.0053367,1
5e-16,0.0053367,1
1e-16,0.0053367,1
0.0001,0.0059948,2
5e-05,0.0059948,2
1e-05,0.0059948,2
5e-06,0.0059948,2
1e-06,0.0059948,2
5e-07,0.0059948,2
1e-07,0.0059948,1
5e-08,0.0059948,1
1e-08,0.0059948,1
5e-09,0.0059948,1
1e-09,0.0059948,1
5e-10,0.0059948,1
1e-10,0.0059948,1
5e-11,0.0059948,1
1e-11,0.0059948,1
5e-12,0.0059948,1
1e-12,0.0059948,1
5e-13,0.0059948,1
1e-13,0.0059948,1
5e-14,0.0059948,1
1e-14,0.0059948,1
5e-15,0.0059948,1
1e-15,0.0059948,1
5e-16,0.0059948,1
1e-16,0.0059948,1
0.0001,0.0067342,2
5e-05,0.0067342,2
1e-05,0.0067342,2
5e-06,0.0067342,2
1e-06,0.0067342,2
5e-07,0.0067342,2
1e-07,0.0067342,1
5e-08,0.0067342,1
1e-08,0.0067342,1
5e-09,0.0067342,1
1e-09,0.0067342,1
5e-10,0.0067342,1
1e-10,0.0067342,1
5e-11,0.0067342,1
1e-11,0.0067342,1
5e-12,0.0067342,1
1e-12,0.0067342,1
5e-13,0.0067342,1
1e-13,0.0067342,1
5e-14,0.0067342,1
1e-14,0.0067342,1
5e-15,0.0067342,1
1e-15,0.0067342,1
5e-16,0.0067342,1
1e-16,0.0067342,1
0.0001,0.0075646,2
5e-05,0.0075646,2
1e-05,0.0075646,2
5e-06,0.0075646,2
1e-06,0.0075646,2
5e-07,0.0075646,2
1e-07,0.0075646,1
5e-08,0.0075646,1
1e-08,0.0075646,1
5e-09,0.0075646,1
1e-09,0.0075646,1
5e-10,0.0075646,1
1e-10,0.0075646,1
5e-11,0.0075646,1
1e-11,0.0075646,1
5e-12,0.0075646,1
1e-12,0.0075646,1
5e-13,0.0075646,1
1e-13,0.0075646,1
5e-14,0.0075646,1
1e-14,0.0075646,1
5e-15,0.0075646,1
1e-15,0.0075646,1
5e-16,0.0075646,1
1e-16,0.0075646,1
0.0001,0.0084975,2
5e-05,0.0084975,2
1e-05,0.0084975,2
5e-06,0.0084975,2
1e-06,0.0084975,2
5e-07,0.0084975,2
1e-07,0.0084975,1
5e-08,0.0084975,1
1e-08,0.0084975,1
5e-09,0.0084975,1
1e-09,0.0084975,1
5e-10,0.0084975,1
1e-10,0.0084975,1
5e-11,0.0084975,1
1e-11,0.0084975,1
5e-12,0.0084975,1
1e-12,0.0084975,1
5e-13,0.0084975,1
1e-13,0.0084975,1
5e-14,0.0084975,1
1e-14,0.0084975,1
5e-15,0.0084975,1
1e-15,0.0084975,1
5e-16,0.0084975,1
1e-16,0.0084975,1
0.0001,0.0095455,2
5e-05,0.0095455,2
1e-05,0.0095455,2
5e-06,0.0095455,2
1e-06,0.0095455,2
5e-07,0.0095455,2
1e-07,0.0095455,1
5e-08,0.0095455,1
1e-08,0.0095455,1
5e-09,0.0095455,1
1e-09,0.0095455,1
5e-10,0.0095455,1
1e-10,0.0095455,1
5e-11,0.0095455,1
1e-11,0.0095455,1
5e-12,0.0095455,1
1e-12,0.0095455,1
5e-13,0.0095455,1
1e-13,0.0095455,1
5e-14,0.0095455,1
1e-14,0.0095455,1
5e-15,0.0095455,1
1e-15,0.0095455,1
5e-16,0.0095455,1
1e-16,0.0095455,1
0.0001,0.010723,2
5e-05,0.010723,2
1e-05,0.010723,2
5e-06,0.010723,2
1e-06,0.010723,2
5e-07,0.010723,2
1e-07,0.010723,1
5e-08,0.010723,1
1e-08,0.010723,1
5e-09,0.010723,1
1e-09,0.010723,1
5e-10,0.010723,1
1e-10,0.010723,1
5e-11,0.010723,1
1e-11,0.010723,1
5e-12,0.010723,1
1e-12,0.010723,1
5e-13,0.010723,1
1e-13,0.010723,1
5e-14,0.010723,1
1e-14,0.010723,1
5e-15,0.010723,1
1e-15,0.010723,1
5e-16,0.010723,1
1e-16,0.010723,1
0.0001,0.012045,2
5e-05,0.012045,2
1e-05,0.012045,2
5e-06,0.012045,2
1e-06,0.012045,2
5e-07,0.012045,2
1e-07,0.012045,1
5e-08,0.012045,1
1e-08,0.012045,1
5e-09,0.012045,1
1e-09,0.012045,1
5e-10,0.012045,1
1e-10,0.012045,1
5e-11,0.012045,1
1e-11,0.012045,1
5e-12,0.012045,1
1e-12,0.012045,1
5e-13,0.012045,1
1e-13,0.012045,1
5e-14,0.012045,1
1e-14,0.012045,1
5e-15,0.012045,1
1e-15,0.012045,1
5e-16,0.012045,1
1e-16,0.012045,1
0.0001,0.01353,2
5e-05,0.01353,2
1e-05,0.01353,2
5e-06,0.01353,2
1e-06,0.01353,2
5e-07,0.01353,2
1e-07,0.01353,1
5e-08,0.01353,1
1e-08,0.01353,1
5e-09,0.01353,1
1e-09,0.01353,1
5e-10,0.01353,1
1e-10,0.01353,1
5e-11,0.01353,1
1e-11,0.01353,1
5e-12,0.01353,1
1e-12,0.01353,1
5e-13,0.01353,1
1e-13,0.01353,1
5e-14,0.01353,1
1e-14,0.01353,1
5e-15,0.01353,1
1e-15,0.01353,1
5e-16,0.01353,1
1e-16,0.01353,1
0.0001,0.015199,2
5e-05,0.015199,2
1e-05,0.015199,2
5e-06,0.015199,2
1e-06,0.015199,2
5e-07,0.015199,2
1e-07,0.015199,1
5e-08,0.015199,1
1e-08,0.015199,1
5e-09,0.015199,1
1e-09,0.015199,1
5e-10,0.015199,1
1e-10,0.015199,1
5e-11,0.015199,1
1e-11,0.015199,1
5e-12,0.015199,1
1e-12,0.015199,1
5e-13,0.015199,1
1e-13,0.015199,1
5e-14,0.015199,1
1e-14,0.015199,1
5e-15,0.015199,1
1e-15,0.015199,1
5e-16,0.015199,1
1e-16,0.015199,1
0.0001,0.017074,2
5e-05,0.017074,2
1e-05,0.017074,2
5e-06,0.017074,2
1e-06,0.017074,2
5e-07,0.017074,2
1e-07,0.017074,1
5e-08,0.017074,1
1e-08,0.017074,1
5e-09,0.017074,1
1e-09,0.017074,1
5e-10,0.017074,1
1e-10,0.017074,1
5e-11,0.017074,1
1e-11,0.017074,1
5e-12,0.017074,1
1e-12,0.017074,1
5e-13,0.017074,1
1e-13,0.017074,1
5e-14,0.017074,1
1e-14,0.017074,1
5e-15,0.017074,1
1e-15,0.017074,1
5e-16,0.017074,1
1e-16,0.017074,1
0.0001,0.019179,2
5e-05,0.019179,2
1e-05,0.019179,2
5e-06,0.019179,2
1e-06,0.019179,2
5e-07,0.019179,2
1e-07,0.019179,1
5e-08,0.019179,1
1e-08,0.019179,1
5e-09,0.019179,1
1e-09,0.019179,1
5e-10,0.019179,1
1e-10,0.019179,1
5e-11,0.019179,1
1e-11,0.019179,1
5e-12,0.019179,1
1e-12,0.019179,1
5e-13,0.019179,1
1e-13,0.019179,1
5e-14,0.019179,1
1e-14,0.019179,1
5e-15,0.019179,1
1e-15,0.019179,1
5e-16,0.019179,1
1e-16,0.019179,1
0.0001,0.021544,2
5e-05,0.021544,2
1e-05,0.021544,2
5e-06,0.021544,2
1e-06,0.021544,2
5e-07,0.021544,2
1e-07,0.021544,1
5e-08,0.021544,1
1e-08,0.021544,1
5e-09,0.021544,1
1e-09,0.021544,1
5e-10,0.021544,1
1e-10,0.021544,1
5e-11,0.021544,1
1e-11,0.021544,1
5e-12,0.021544,1
1e-12,0.021544,1
5e-13,0.021544,1
1e-13,0.021544,1
5e-14,0.021544,1
1e-14,0.021544,1
5e-15,0.021544,1
1e-15,0.021544,1
5e-16,0.021544,1
1e-16,0.021544,1
0.0001,0.024201,2
5e-05,0.024201,2
1e-05,0.024201,2
5e-06,0.024201,2
1e-06,0.024201,2
5e-07,0.024201,2
1e-07,0.024201,1
5e-08,0.024201,1
1e-08,0.024201,1
5e-09,0.024201,1
1e-09,0.024201,1
5e-10,0.024201,1
1e-10,0.024201,1
5e-11,0.024201,1
1e-11,0.024201,1
5e-12,0.024201,1
1e-12,0.024201,1
5e-13,0.024201,1
1e-13,0.024201,1
5e-14,0.024201,1
1e-14,0.024201,1
5e-15,0.024201,1
1e-15,0.024201,1
5e-16,0.024201,1
1e-16,0.024201,1
0.0001,0.027186,2
5e-05,0.027186,2
1e-05,0.027186,2
5e-06,0.027186,2
1e-06,0.027186,2
5e-07,0.027186,2
1e-07,0.027186,1
5e-08,0.027186,1
1e-08,0.027186,1
5e-09,0.027186,1
1e-09,0.027186,1
5e-10,0.027186,1
1e-10,0.027186,1
5e-11,0.027186,1
1e-11,0.027186,1
5e-12,0.027186,1
1e-12,0.027186,1
5e-13,0.027186,1
1e-13,0.027186,1
5e-14,0.027186,1
1e-14,0.027186,1
5e-15,0.027186,1
1e-15,0.027186,1
5e-16,0.027186,1
1e-16,0.027186,1
0.0001,0.030539,2
5e-05,0.030539,2
1e-05,0.030539,2
5e-06,0.030539,2
1e-06,0.030539,2
5e-07,0.030539,2
1e-07,0.030539,1
5e-08,0.030539,1
1e-08,0.030539,1
5e-09,0.030539,1
1e-09,0.030539,1
5e-10,0.030539,1
1e-10,0.030539,1
5e-11,0.030539,1
1e-11,0.030539,1
5e-12,0.030539,1
1e-12,0.030539,1
5e-13,0.030539,1
1e-13,0.030539,1
5e-14,0.030539,1
1e-14,0.030539,1
5e-15,0.030539,1
1e-15,0.030539,1
5e-16,0.030539,1
1e-16,0.030539,1
0.0001,0.034305,2
5e-05,0.034305,2
1e-05,0.034305,2
5e-06,0.034305,2
1e-06,0.034305,2
5e-07,0.034305,2
1e-07,0.034305,1
5e-08,0.034305,1
1e-08,0.034305,1
5e-09,0.034305,1
1e-09,0.034305,1
5e-10,0.034305,1
1e-10,0.034305,1
5e-11,0.034305,1
1e-11,0.034305,1
5e-12,0.034305,1
1e-12,0.034305,1
5e-13,0.034305,1
1e-13,0.034305,1
5e-14,0.034305,1
1e-14,0.034305,1
5e-15,0.034305,1
1e-15,0.034305,1
5e-16,0.034305,1
1e-16,0.034305,1
0.0001,0.038535,2
5e-05,0.038535,2
1e-05,0.038535,2
5e-06,0.038535,2
1e-06,0.038535,2
5e-07,0.038535,2
1e-07,0.038535,1
5e-08,0.038535,1
1e-08,0.038535,1
5e-09,0.038535,1
1e-09,0.038535,1
5e-10,0.038535,1
1e-10,0.038535,1
5e-11,0.038535,1
1e-11,0.038535,1
5e-12,0.038535,1
1e-12,0.038535,1
5e-13,0.038535,1
1e-13,0.038535,1
5e-14,0.038535,1
1e-14,0.038535,1
5e-15,0.038535,1
1e-15,0.038535,1
5e-16,0.038535,1
1e-16,0.038535,1
0.0001,0.043288,2
5e-05,0.043288,2
1e-05,0.043288,2
5e-06,0.043288,2
1e-06,0.043288,2
5e-07,0.043288,2
1e-07,0.043288,1
5e-08,0.043288,1
1e-08,0.043288,1
5e-09,0.043288,1
1e-09,0.043288,1
5e-10,0.043288,1
1e-10,0.043288,1
5e-11,0.043288,1
1e-11,0.043288,1
5e-12,0.043288,1
1e-12,0.043288,1
5e-13,0.043288,1
1e-13,0.043288,1
5e-14,0.043288,1
1e-14,0.043288,1
5e-15,0.043288,1
1e-15,0.043288,1
5e-16,0.043288,1
1e-16,0.043288,1
0.0001,0.048626,2
5e-05,0.048626,2
1e-05,0.048626,2
5e-06,0.048626,2
1e-06,0.048626,2
5e-07,0.048626,2
1e-07,0.048626,1
5e-08,0.048626,1
1e-08,0.048626,1
5e-09,0.048626,1
1e-09,0.048626,1
5e-10,0.048626,1
1e-10,0.048626,1
5e-11,0.048626,1
1e-11,0.048626,1
5e-12,0.048626,1
1e-12,0.048626,1
5e-13,0.048626,1
1e-13,0.048626,1
5e-14,0.048626,1
1e-14,0.048626,1
5e-15,0.048626,1
1e-15,0.048626,1
5e-16,0.048626,1
1e-16,0.048626,1
0.0001,0.054623,2
5e-05,0.054623,2
1e-05,0.054623,2
5e-06,0.054623,2
1e-06,0.054623,2
5e-07,0.054623,2
1e-07,0.054623,1
5e-08,0.054623,1
1e-08,0.054623,1
5e-09,0.054623,1
1e-09,0.054623,1
5e-10,0.054623,1
1e-10,0.054623,1
5e-11,0.054623,1
1e-11,0.054623,1
5e-12,0.054623,1
1e-12,0.054623,1
5e-13,0.054623,1
1e-13,0.054623,1
5e-14,0.054623,1
1e-14,0.054623,1
5e-15,0.054623,1
1e-15,0.054623,1
5e-16,0.054623,1
1e-16,0.054623,1
0.0001,0.061359,2
5e-05,0.061359,2
1e-05,0.061359,2
5e-06,0.061359,2
1e-06,0.061359,2
5e-07,0.061359,2
1e-07,0.061359,1
5e-08,0.061359,1
1e-08,0.061359,1
5e-09,0.061359,1
1e-09,0.061359,1
5e-10,0.061359,1
1e-10,0.061359,1
5e-11,0.061359,1
1e-11,0.061359,1
5e-12,0.061359,1
1e-12,0.061359,1
5e-13,0.061359,1
1e-13,0.061359,1
5e-14,0.061359,1
1e-14,0.061359,1
5e-15,0.061359,1
1e-15,0.061359,1
5e-16,0.061359,1
1e-16,0.061359,1
0.0001,0.068926,2
5e-05,0.068926,2
1e-05,0.068926,2
5e-06,0.068926,2
1e-06,0.068926,2
5e-07,0.068926,2
1e-07,0.068926,1
5e-08,0.068926,1
1e-08,0.068926,1
5e-09,0.068926,1
1e-09,0.068926,1
5e-10,0.068926,1
1e-10,0.068926,1
5e-11,0.068926,1
1e-11,0.068926,1
5e-12,0.068926,1
1e-12,0.068926,1
5e-13,0.068926,1
1e-13,0.068926,1
5e-14,0.068926,1
1e-14,0.068926,1
5e-15,0.068926,1
1e-15,0.068926,1
5e-16,0.068926,1
1e-16,0.068926,1
0.0001,0.077426,2
5e-05,0.077426,2
1e-05,0.077426,2
5e-06,0.077426,2
1e-06,0.077426,2
5e-07,0.077426,2
1e-07,0.077426,1
5e-08,0.077426,1
1e-08,0.077426,1
5e-09,0.077426,1
1e-09,0.077426,1
5e-10,0.077426,1
1e-10,0.077426,1
5e-11,0.077426,1
1e-11,0.077426,1
5e-12,0.077426,1
1e-12,0.077426,1
5e-13,0.077426,1
1e-13,0.077426,1
5e-14,0.077426,1
1e-14,0.077426,1
5e-15,0.077426,1
1e-15,0.077426,1
5e-16,0.077426,1
1e-16,0.077426,1
0.0001,0.086975,2
5e-05,0.086975,2
1e-05,0.086975,2
5e-06,0.086975,2
1e-06,0.086975,2
5e-07,0.086975,2
1e-07,0.086975,1
5e-08,0.086975,1
1e-08,0.086975,1
5e-09,0.086975,1
1e-09,0.086975,1
5e-10,0.086975,1
1e-10,0.086975,1
5e-11,0.086975,1
1e-11,0.086975,1
5e-12,0.086975,1
1e-12,0.086975,1
5e-13,0.086975,1
1e-13,0.086975,1
5e-14,0.086975,1
1e-14,0.086975,1
5e-15,0.086975,1
1e-15,0.086975,1
5e-16,0.086975,1
1e-16,0.086975,1
0.0001,0.097701,2
5e-05,0.097701,2
1e-05,0.097701,2
5e-06,0.097701,2
1e-06,0.097701,2
5e-07,0.097701,2
1e-07,0.097701,1
5e-08,0.097701,1
1e-08,0.097701,1
5e-09,0.097701,1
1e-09,0.097701,1
5e-10,0.097701,1
1e-10,0.097701,1
5e-11,0.097701,1
1e-11,0.097701,1
5e-12,0.097701,1
1e-12,0.097701,1
5e-13,0.097701,1
1e-13,0.097701,1
5e-14,0.097701,1
1e-14,0.097701,1
5e-15,0.097701,1
1e-15,0.097701,1
5e-16,0.097701,1
1e-16,0.097701,1
0.0001,0.10975,2
5e-05,0.10975,2
1e-05,0.10975,2
5e-06,0.10975,2
1e-06,0.10975,2
5e-07,0.10975,2
1e-07,0.10975,1
5e-08,0.10975,1
1e-08,0.10975,1
5e-09,0.10975,1
1e-09,0.10975,1
5e-10,0.10975,1
1e-10,0.10975,1
5e-11,0.10975,1
1e-11,0.10975,1
5e-12,0.10975,1
1e-12,0.10975,1
5e-13,0.10975,1
1e-13,0.10975,1
5e-14,0.10975,1
1e-14,0.10975,1
5e-15,0.10975,1
1e-15,0.10975,1
5e-16,0.10975,1
1e-16,0.10975,1
0.0001,0.12328,2
5e-05,0.12328,2
1e-05,0.12328,2
5e-06,0.12328,2
1e-06,0.12328,2
5e-07,0.12328,2
1e-07,0.12328,1
5e-08,0.12328,1
1e-08,0.12328,1
5e-09,0.12328,1
1e-09,0.12328,1
5e-10,0.12328,1
1e-10,0.12328,1
5e-11,0.12328,1
1e-11,0.12328,1
5e-12,0.12328,1
1e-12,0.12328,1
5e-13,0.12328,1
1e-13,0.12328,1
5e-14,0.12328,1
1e-14,0.12328,1
5e-15,0.12328,1
1e-15,0.12328,1
5e-16,0.12328,1
1e-16,0.12328,1
0.0001,0.13849,2
5e-05,0.13849,2
1e-05,0.13849,2
5e-06,0.13849,2
1e-06,0.13849,2
5e-07,0.13849,2
1e-07,0.13849,1
5e-08,0.13849,1
1e-08,0.13849,1
5e-09,0.13849,1
1e-09,0.13849,1
5e-10,0.13849,1
1e-10,0.13849,1
5e-11,0.13849,1
1e-11,0.13849,1
5e-12,0.13849,1
1e-12,0.13849,1
5e-13,0.13849,1
1e-13,0.13849,1
5e-14,0.13849,1
1e-14,0.13849,1
5e-15,0.13849,1
1e-15,0.13849,1
5e-16,0.13849,1
1e-16,0.13849,1
0.0001,0.15557,2
5e-05,0.15557,2
1e-05,0.15557,2
5e-06,0.15557,2
1e-06,0.15557,2
5e-07,0.15557,2
1e-07,0.15557,1
5e-08,0.15557,1
1e-08,0.15557,1
5e-09,0.15557,1
1e-09,0.15557,1
5e-10,0.15557,1
1e-10,0.15557,1
5e-11,0.15557,1
1e-11,0.15557,1
5e-12,0.15557,1
1e-12,0.15557,1
5e-13,0.15557,1
1e-13,0.15557,1
5e-14,0.15557,1
1e-14,0.15557,1
5e-15,0.15557,1
1e-15,0.15557,1
5e-16,0.15557,1
1e-16,0.15557,1
0.0001,0.17475,2
5e-05,0.17475,2
1e-05,0.17475,2
5e-06,0.17475,2
1e-06,0.17475,2
5e-07,0.17475,2
1e-07,0.17475,1
5e-08,0.17475,1
1e-08,0.17475,1
5e-09,0.17475,1
1e-09,0.17475,1
5e-10,0.17475,1
1e-10,0.17475,1
5e-11,0.17475,1
1e-11,0.17475,1
5e-12,0.17475,1
1e-12,0.17475,1
5e-13,0.17475,1
1e-13,0.17475,1
5e-14,0.17475,1
1e-14,0.17475,1
5e-15,0.17475,1
1e-15,0.17475,1
5e-16,0.17475,1
1e-16,0.17475,1
0.0001,0.1963,2
5e-05,0.1963,2
1e-05,0.1963,2
5e-06,0.1963,2
1e-06,0.1963,2
5e-07,0.1963,2
1e-07,0.1963,1
5e-08,0.1963,1
1e-08,0.1963,1
5e-09,0.1963,1
1e-09,0.1963,1
5e-10,0.1963,1
1e-10,0.1963,1
5e-11,0.1963,1
1e-11,0.1963,1
5e-12,0.1963,1
1e-12,0.1963,1
5e-13,0.1963,1
1e-13,0.1963,1
5e-14,0.1963,1
1e-14,0.1963,1
5e-15,0.1963,1
1e-15,0.1963,1
5e-16,0.1963,1
1e-16,0.1963,1
0.0001,0.22051,2
5e-05,0.22051,2
1e-05,0.22051,2
5e-06,0.22051,2
1e-06,0.22051,2
5e-07,0.22051,2
1e-07,0.22051,1
5e-08,0.22051,1
1e-08,0.22051,1
5e-09,0.22051,1
1e-09,0.22051,1
5e-10,0.22051,1
1e-10,0.22051,1
5e-11,0.22051,1
1e-11,0.22051,1
5e-12,0.22051,1
1e-12,0.22051,1
5e-13,0.22051,1
1e-13,0.22051,1
5e-14,0.22051,1
1e-14,0.22051,1
5e-15,0.22051,1
1e-15,0.22051,1
5e-16,0.22051,1
1e-16,0.22051,1
0.0001,0.24771,2
5e-05,0.24771,2
1e-05,0.24771,2
5e-06,0.24771,2
1e-06,0.24771,2
5e-07,0.24771,2
1e-07,0.24771,1
5e-08,0.24771,1
1e-08,0.24771,1
5e-09,0.24771,1
1e-09,0.24771,1
5e-10,0.24771,1
1e-10,0.24771,1
5e-11,0.24771,1
1e-11,0.24771,1
5e-12,0.24771,1
1e-12,0.24771,1
5e-13,0.24771,1
1e-13,0.24771,1
5e-14,0.24771,1
1e-14,0.24771,1
5e-15,0.24771,1
1e-15,0.24771,1
5e-16,0.24771,1
1e-16,0.24771,1
0.0001,0.27826,2
5e-05,0.27826,2
1e-05,0.27826,2
5e-06,0.27826,2
1e-06,0.27826,2
5e-07,0.27826,1
1e-07,0.27826,1
5e-08,0.27826,1
1e-08,0.27826,1
5e-09,0.27826,1
1e-09,0.27826,1
5e-10,0.27826,1
1e-10,0.27826,1
5e-11,0.27826,1
1e-11,0.27826,1
5e-12,0.27826,1
1e-12,0.27826,1
5e-13,0.27826,1
1e-13,0.27826,1
5e-14,0.27826,1
1e-14,0.27826,1
5e-15,0.27826,1
1e-15,0.27826,1
5e-16,0.27826,1
1e-16,0.27826,1
0.0001,0.31257,2
5e-05,0.31257,2
1e-05,0.31257,2
5e-06,0.31257,2
1e-06,0.31257,2
5e-07,0.31257,1
1e-07,0.31257,1
5e-08,0.31257,1
1e-08,0.31257,1
5e-09,0.31257,1
1e-09,0.31257,1
5e-10,0.31257,1
1e-10,0.31257,1
5e-11,0.31257,1
1e-11,0.31257,1
5e-12,0.31257,1
1e-12,0.31257,1
5e-13,0.31257,1
1e-13,0.31257,1
5e-14,0.31257,1
1e-14,0.31257,1
5e-15,0.31257,1
1e-15,0.31257,1
5e-16,0.31257,1
1e-16,0.31257,1
0.0001,0.35112,2
5e-05,0.35112,2
1e-05,0.35112,2
5e-06,0.35112,2
1e-06,0.35112,2
5e-07,0.35112,1
1e-07,0.35112,1
5e-08,0.35112,1
1e-08,0.35112,1
5e-09,0.35112,1
1e-09,0.35112,1
5e-10,0.35112,1
1e-10,0.35112,1
5e-11,0.35112,1
1e-11,0.35112,1
5e-12,0.35112,1
1e-12,0.35112,1
5e-13,0.35112,1
1e-13,0.35112,1
5e-14,0.35112,1
1e-14,0.35112,1
5e-15,0.35112,1
1e-15,0.35112,1
5e-16,0.35112,1
1e-16,0.35112,1
0.0001,0.39442,2
5e-05,0.39442,2
1e-05,0.39442,2
5e-06,0.39442,2
1e-06,0.39442,2
5e-07,0.39442,1
1e-07,0.39442,1
5e-08,0.39442,1
1e-08,0.39442,1
5e-09,0.39442,1
1e-09,0.39442,1
5e-10,0.39442,1
1e-10,0.39442,1
5e-11,0.39442,1
1e-11,0.39442,1
5e-12,0.39442,1
1e-12,0.39442,1
5e-13,0.39442,1
1e-13,0.39442,1
5e-14,0.39442,1
1e-14,0.39442,1
5e-15,0.39442,1
1e-15,0.39442,1
5e-16,0.39442,1
1e-16,0.39442,1
0.0001,0.44306,2
5e-05,0.44306,2
1e-05,0.44306,2
5e-06,0.44306,2
1e-06,0.44306,2
5e-07,0.44306,1
1e-07,0.44306,1
5e-08,0.44306,1
1e-08,0.44306,1
5e-09,0.44306,1
1e-09,0.44306,1
5e-10,0.44306,1
1e-10,0.44306,1
5e-11,0.44306,1
1e-11,0.44306,1
5e-12,0.44306,1
1e-12,0.44306,1
5e-13,0.44306,1
1e-13,0.44306,1
5e-14,0.44306,1
1e-14,0.44306,1
5e-15,0.44306,1
1e-15,0.44306,1
5e-16,0.44306,1
1e-16,0.44306,1
0.0001,0.4977,2
5e-05,0.4977,2
1e-05,0.4977,2
5e-06,0.4977,2
1e-06,0.4977,2
5e-07,0.4977,1
1e-07,0.4977,1
5e-08,0.4977,1
1e-08,0.4977,1
5e-09,0.4977,1
1e-09,0.4977,1
5e-10,0.4977,1
1e-10,0.4977,1
5e-11,0.4977,1
1e-11,0.4977,1
5e-12,0.4977,1
1e-12,0.4977,1
5e-13,0.4977,1
1e-13,0.4977,1
5e-14,0.4977,1
1e-14,0.4977,1
5e-15,0.4977,1
1e-15,0.4977,1
5e-16,0.4977,1
1e-16,0.4977,1
0.0001,0.55908,2
5e-05,0.55908,2
1e-05,0.55908,2
5e-06,0.55908,2
1e-06,0.55908,1
5e-07,0.55908,1
1e-07,0.55908,1
5e-08,0.55908,1
1e-08,0.55908,1
5e-09,0.55908,1
1e-09,0.55908,1
5e-10,0.55908,1
1e-10,0.55908,1
5e-11,0.55908,1
1e-11,0.55908,1
5e-12,0.55908,1
1e-12,0.55908,1
5e-13,0.55908,1
1e-13,0.55908,1
5e-14,0.55908,1
1e-14,0.55908,1
5e-15,0.55908,1
1e-15,0.55908,1
5e-16,0.55908,1
1e-16,0.55908,1
0.0001,0.62803,2
5e-05,0.62803,2
1e-05,0.62803,2
5e-06,0.62803,2
1e-06,0.62803,1
5e-07,0.62803,1
1e-07,0.62803,1
5e-08,0.62803,1
1e-08,0.62803,1
5e-09,0.62803,1
1e-09,0.62803,1
5e-10,0.62803,1
1e-10,0.62803,1
5e-11,0.62803,1
1e-11,0.62803,1
5e-12,0.62803,1
1e-12,0.62803,1
5e-13,0.62803,1
1e-13,0.62803,1
5e-14,0.62803,1
1e-14,0.62803,1
5e-15,0.62803,1
1e-15,0.62803,1
5e-16,0.62803,1
1e-16,0.62803,1
0.0001,0.70548,2
5e-05,0.70548,2
1e-05,0.70548,2
5e-06,0.70548,2
1e-06,0.70548,1
5e-07,0.70548,1
1e-07,0.70548,1
5e-08,0.70548,1
1e-08,0.70548,1
5e-09,0.70548,1
1e-09,0.70548,1
5e-10,0.70548,1
1e-10,0.70548,1
5e-11,0.70548,1
1e-11,0.70548,1
5e-12,0.70548,1
1e-12,0.70548,1
5e-13,0.70548,1
1e-13,0.70548,1
5e-14,0.70548,1
1e-14,0.70548,1
5e-15,0.70548,1
1e-15,0.70548,1
5e-16,0.70548,1
1e-16,0.70548,1
0.0001,0.79248,2
5e-05,0.79248,2
1e-05,0.79248,2
5e-06,0.79248,2
1e-06,0.79248,1
5e-07,0.79248,1
1e-07,0.79248,1
5e-08,0.79248,1
1e-08,0.79248,1
5e-09,0.79248,1
1e-09,0.79248,1
5e-10,0.79248,1
1e-10,0.79248,1
5e-11,0.79248,1
1e-11,0.79248,1
5e-12,0.79248,1
1e-12,0.79248,1
5e-13,0.79248,1
1e-13,0.79248,1
5e-14,0.79248,1
1e-14,0.79248,1
5e-15,0.79248,1
1e-15,0.79248,1
5e-16,0.79248,1
1e-16,0.79248,1
0.0001,0.89022,2
5e-05,0.89022,2
1e-05,0.89022,2
5e-06,0.89022,2
1e-06,0.89022,1
5e-07,0.89022,1
1e-07,0.89022,1
5e-08,0.89022,1
1e-08,0.89022,1
5e-09,0.89022,1
1e-09,0.89022,1
5e-10,0.89022,1
1e-10,0.89022,1
5e-11,0.89022,1
1e-11,0.89022,1
5e-12,0.89022,1
1e-12,0.89022,1
5e-13,0.89022,1
1e-13,0.89022,1
5e-14,0.89022,1
1e-14,0.89022,1
5e-15,0.89022,1
1e-15,0.89022,1
5e-16,0.89022,1
1e-16,0.89022,1
0.0001,1,2
5e-05,1,2
1e-05,1,2
5e-06,1,2
1e-06,1,2
5e-07,1,1
1e-07,1,1
5e-08,1,1
1e-08,1,1
5e-09,1,1
1e-09,1,1
5e-10,1,1
1e-10,1,1
5e-11,1,1
1e-11,1,1
5e-12,1,1
1e-12,1,1
5e-13,1,1
1e-13,1,1
5e-14,1,1
1e-14,1,1
5e-15,1,1
1e-15,1,1
5e-16,1,1
1e-16,1,1
